ID	Function	Source	Count
3a0107s01c2	phosphate ABC transporter ATP-binding protein PstB	TIGR00972	64
3a0107s02c	phosphate ABC transporter permease PstA	TIGR00974	16
3a0501s007	preprotein translocase subunit SecY	TIGR00967	35
3oxo_ACP_reduc	3-oxoacyl-[acyl-carrier-protein] reductase	TIGR01830	29
5S_RNA_mat_M5	ribonuclease M5	TIGR00334	1
ABCF_Vga_all	Vga family ABC-F type ribosomal protection protein		3
ABC_ABC_ChvD	energy-dependent translational throttle protein EttA	TIGR03719	10
ABC_ATP_DarD	darobactin export ABC transporter ATP-binding protein		2
ABC_MetN	methionine ABC transporter ATP-binding protein MetN	TIGR02314	2
ABC_arch_GlcV	glucose ABC transporter ATP-binding protein GlcV		1
ABC_choXWV_ATP	choline ABC transporter ATP-binding protein	TIGR03415	3
ABC_choXWV_perm	choline ABC transporter permease subunit	TIGR03416	4
ABC_lipo_SloC	metal ABC transporter substrate-binding lipoprotein		39
ABC_perm_SloB	metal ABC transporter permease subunit		45
ABC_phnC	phosphonate ABC transporter ATP-binding protein	TIGR02315	11
ATP_dep_HslV	HslU--HslV peptidase proteolytic subunit	TIGR03692	5
ATP_synt_c	ATP synthase F0 subunit C	TIGR01260	9
ATPase-IB1_Cu	copper-translocating P-type ATPase	TIGR01511	6
ATPase-IB2_Cd	cadmium family heavy metal-translocating P-type ATPase	TIGR01512	6
ATPase-IB_hvy	heavy metal translocating P-type ATPase	TIGR01525	44
ATPase-IIA1_Ca	calcium-translocating P-type ATPase, SERCA-type	TIGR01116	13
ATPase-IIA2_Ca	calcium-transporting P-type ATPase, PMR1-type	TIGR01522	14
ATPase-IIB_Ca	calcium-translocating P-type ATPase, PMCA-type	TIGR01517	7
ATPase-IIIB_Mg	magnesium-translocating P-type ATPase	TIGR01524	56
ATPase_ComGA	competence type IV pilus ATPase ComGA		12
ATPase_P-type	HAD-IC family P-type ATPase	TIGR01494	12
ATPsyn_F1gamma	ATP synthase F1 subunit gamma	TIGR01146	1
AblA_like_2	lysine-2,3-aminomutase-like protein	TIGR03822	2
AcCoA-C-Actrans	acetyl-CoA C-acyltransferase	TIGR01930	5
AhpC	alkyl hydroperoxide reductase subunit C	TIGR03137	15
AhpF	alkyl hydroperoxide reductase subunit F	TIGR03140	1
AhpF_homolog	putative alkyl hydroperoxide reductase F subunit	TIGR03143	39
Asp_Ala_antiprt	aspartate-alanine antiporter	TIGR03802	3
AztA	zinc ABC transporter ATP-binding protein AztA		3
BCCP	acetyl-CoA carboxylase biotin carboxyl carrier protein	TIGR00531	2
BGL	GH1 family beta-glucosidase	TIGR03356	5
C69_fam_dipept	C69 family dipeptidase		29
CBO2463_dom	CBO2463/CBO2479 domain-containing protein		9
CBS_CbpA	cyclic di-AMP binding protein CbpA		10
CBS_CbpB	cyclic-di-AMP-binding protein CbpB		4
CDF	cation diffusion facilitator family transporter	TIGR01297	2
CPSaseII_lrg	carbamoyl-phosphate synthase (glutamine-hydrolyzing) large subunit	TIGR01369	23
CPSaseIIsmall	glutamine-hydrolyzing carbamoyl-phosphate synthase small subunit	TIGR01368	9
C_S_lyase_PatB	PatB family C-S lyase	TIGR04350	3
ChvE	sugar ABC transporter substrate-binding protein		43
ClpA	ATP-dependent Clp protease ATP-binding subunit ClpA	TIGR02639	11
CobT	Cobalamin biosynthesis protein CobT	PF06213.14	2
CobT	cobaltochelatase subunit CobT	TIGR01651	2
Cof-subfamily	Cof-type HAD-IIB family hydrolase	TIGR00099	17
CofD_related	uridine diphosphate-N-acetylglucosamine-binding protein YvcK	TIGR01826	14
ComEB	ComE operon protein 2	TIGR02571	23
CyoC	cytochrome o ubiquinol oxidase subunit III	TIGR02842	2
D-ala-DACP-lig	D-alanine--poly(phosphoribitol) ligase subunit DltA	TIGR01734	15
DAHP_synth_II	3-deoxy-7-phosphoheptulonate synthase class II	TIGR01358	1
DHPS	dihydropteroate synthase	TIGR01496	1
DNA_bind_WhiA	DNA-binding protein WhiA	TIGR00647	6
D_pro_red_PrdA	D-proline reductase (dithiol) proprotein PrdA	TIGR04480	129
D_pro_red_PrdB	D-proline reductase (dithiol) protein PrdB	TIGR04483	40
DivI1A_domain	DivIVA domain-containing protein	TIGR03544	12
DnaA	chromosomal replication initiator protein DnaA	TIGR00362	14
DnaB	DnaB-like helicase N-terminal domain-containing protein	PF00772.23	5
DnaB	replicative DNA helicase	TIGR00665	5
ECF_ATPase_1	energy-coupling factor transporter ATPase	TIGR04520	4
ECF_ThiT_YuaJ	energy-coupled thiamine transporter ThiT	TIGR02357	4
EF-G	elongation factor G	TIGR00484	135
EF-Tu	elongation factor Tu	TIGR00485	56
EIID-AGA	PTS system mannose/fructose/sorbose family transporter subunit IID	PF03613.16	22
EIID-AGA	mannose/fructose/sorbose PTS transporter subunit IID	TIGR00828	22
EPS_sugtrans	exopolysaccharide biosynthesis polyprenyl glycosylphosphotransferase	TIGR03025	16
EpaQ_fam	EpaQ family protein		11
FGAM_synth_I	phosphoribosylformylglycinamidine synthase I	TIGR01737	2
FGAM_synth_II	phosphoribosylformylglycinamidine synthase subunit PurL	TIGR01736	5
FRU	fructose PTS transporter subunit IIB	TIGR00829	6
FakA_VfrB	fatty acid kinase catalytic subunit FakA		7
FeS_nifS	cysteine desulfurase NifS	TIGR03402	7
FliI_clade3	flagellar protein export ATPase FliI	TIGR03498	1
FnlA	UDP-N-acetylglucosamine 4,6-dehydratase/5-epimerase	TIGR04130	41
FruBisAldo_II_A	class II fructose-bisphosphate aldolase	TIGR01520	1
FtsE	cell division ATP-binding protein FtsE	TIGR02673	24
FtsH_fam	ATP-dependent zinc metalloprotease FtsH	TIGR01241	83
FtsX_Gpos	permease-like cell division protein FtsX		7
GAPDH-I	type I glyceraldehyde-3-phosphate dehydrogenase	TIGR01534	30
GMP_reduct_2	GMP reductase	TIGR01306	20
GOGAT_sm_gam	glutamate synthase small subunit	TIGR01317	1
GTP_HflX	GTPase HflX	TIGR03156	23
GTPase_EngA	ribosome biogenesis GTPase Der	TIGR03594	15
GTPase_YlqF	ribosome biogenesis GTPase YlqF	TIGR03596	11
GTPase_YqeH	ribosome biogenesis GTPase YqeH	TIGR03597	9
GTPase_YsxC	ribosome biogenesis GTP-binding protein YihA/YsxC	TIGR03598	22
GalB	beta-galactosidase GalB		10
GguA	sugar ABC transporter ATP-binding protein		27
GguB	sugar ABC transporter permease		29
GlnA	type I glutamate--ammonia ligase	TIGR00653	20
GlrX_NrdH	glutaredoxin-like protein NrdH	TIGR02194	2
GyrA_w_intein	intein-containing DNA gyrase subunit A		2
HAD-SF-IIA-hyp2	TIGR01457 family HAD-type hydrolase	TIGR01457	9
HEQRo_perm_3TM	ABC transporter permease subunit	TIGR01726	2
HGPRTase	hypoxanthine phosphoribosyltransferase	TIGR01203	11
HK_VanS_ACDEFG	vancomycin resistance histidine kinase VanS		4
HK_VicK	cell wall metabolism sensor histidine kinase VicK		2
HK_WalK	cell wall metabolism sensor histidine kinase WalK		49
HMG-CoA-S_prok	hydroxymethylglutaryl-CoA synthase	TIGR01835	33
HMG_CoA_R_NAD	hydroxymethylglutaryl-CoA reductase, degradative	TIGR00532	4
HMP-P_kinase	bifunctional hydroxymethylpyrimidine kinase/phosphomethylpyrimidine kinase	TIGR00097	7
HTH_metalloreg	metalloregulator ArsR/SmtB family transcription factor		1
HpnJ	hopanoid biosynthesis associated radical SAM protein HpnJ	TIGR03471	7
HpnL	putative membrane protein	TIGR03476	1
HpnN	hopanoid biosynthesis associated RND transporter like protein HpnN	TIGR03480	2
IF-2	Translation-initiation factor 2	PF11987.10	74
IF-2	translation initiation factor IF-2	TIGR00487	74
IMPACT_YIGZ	YigZ family protein	TIGR00257	6
IMP_dehydrog	IMP dehydrogenase	TIGR01302	42
IPP_isom_2	type 2 isopentenyl-diphosphate Delta-isomerase	TIGR02151	3
L11_bact	50S ribosomal protein L11	TIGR01632	20
L17	50S ribosomal protein L17	TIGR00059	2
L18_bact	50S ribosomal protein L18	TIGR00060	8
L27	50S ribosomal protein L27	TIGR00062	2
L29	50S ribosomal protein L29	TIGR00012	6
L3_bact	50S ribosomal protein L3	TIGR03625	19
L6_bact	50S ribosomal protein L6	TIGR03654	23
LPS_export_lptB	LPS export ABC transporter ATP-binding protein	TIGR04406	2
LTA_DltD	D-alanyl-lipoteichoic acid biosynthesis protein DltD	TIGR04092	9
LTA_dltB	D-alanyl-lipoteichoic acid biosynthesis protein DltB	TIGR04091	32
L_ocin_972_ABC	putative bacteriocin export ABC transporter	TIGR03608	15
LolD_lipo_ex	lipoprotein-releasing ABC transporter ATP-binding protein LolD	TIGR02211	2
M3_fam_3	M3 family oligoendopeptidase	TIGR02290	11
MG423	RNase J family beta-CASP ribonuclease	TIGR00649	19
MGSA	methylglyoxal synthase	TIGR00160	6
MsbA_lipidA	lipid A export permease/ATP-binding protein MsbA	TIGR02203	33
MsbA_rel	ABC transporter, permease/ATP-binding protein	TIGR02204	19
MtrAB_MtrA	MtrAB system response regulator MtrA		1
NHLM_micro_ABC1	NHLP family bacteriocin export ABC transporter peptidase/permease/ATPase subunit	TIGR03796	8
NHLM_micro_ABC2	NHLP bacteriocin export ABC transporter permease/ATPase subunit	TIGR03797	4
NusA	transcription termination factor NusA	TIGR01953	15
Obg_CgtA_exten	Obg family GTPase CgtA	TIGR03595	2
PDH_E1_alph_x	pyruvate dehydrogenase (acetyl-transferring) E1 component subunit alpha	TIGR03181	50
PFKA_ATP	6-phosphofructokinase	TIGR02482	13
PFL2-3	formate C-acetyltransferase/glycerol dehydratase family glycyl radical enzyme	TIGR01774	11
PFLA	pyruvate formate-lyase-activating protein	TIGR02493	3
PFLE_PFLC	glycyl-radical enzyme activating protein	TIGR02494	3
PNPH	purine nucleoside phosphorylase I, inosine and guanosine-specific	TIGR01700	11
PQQ_membr_DH	membrane-bound PQQ-dependent dehydrogenase, glucose/quinate/shikimate family	TIGR03074	4
PQQ_syn_pqqC	pyrroloquinoline-quinone synthase PqqC	TIGR02111	2
PQQ_syn_pqqE	pyrroloquinoline quinone biosynthesis protein PqqE	TIGR02109	1
PRK00006.1	3-hydroxyacyl-ACP dehydratase FabZ	PRK00006	10
PRK00010.1	50S ribosomal protein L5	PRK00010	25
PRK00011.1	serine hydroxymethyltransferase	PRK00011	71
PRK00013.1	chaperonin GroEL	PRK00013	66
PRK00015.1-1	ribonuclease HII	PRK00015	10
PRK00015.1-3	ribonuclease HII	PRK00015	1
PRK00024.1	DNA repair protein RadC	PRK00024	4
PRK00026.1	tRNA (guanosine(37)-N1)-methyltransferase TrmD	PRK00026	26
PRK00029.1	YdiU family protein	PRK00029	4
PRK00049.1	elongation factor Tu	PRK00049	40
PRK00054.1-2	dihydroorotate dehydrogenase electron transfer subunit	PRK00054	2
PRK00054.1-4	dihydroorotate dehydrogenase electron transfer subunit	PRK00054	9
PRK00055.1-1	ribonuclease Z	PRK00055	2
PRK00064.1-3	DNA replication/repair protein RecF	PRK00064	14
PRK00064.1-5	DNA replication/repair protein RecF	PRK00064	35
PRK00066.1	L-lactate dehydrogenase	PRK00066	21
PRK00071.1-4	nicotinate-nucleotide adenylyltransferase	PRK00071	17
PRK00071.2-2	nicotinate-nucleotide adenylyltransferase	PRK00071	4
PRK00074.1	glutamine-hydrolyzing GMP synthase	PRK00074	40
PRK00080.1	Holliday junction branch migration DNA helicase RuvB	PRK00080	63
PRK00089.1	GTPase Era	PRK00089	10
PRK00092.1-2	ribosome maturation factor RimP	PRK00092	17
PRK00092.2-5	ribosome maturation factor RimP	PRK00092	2
PRK00094.1-3	NAD(P)H-dependent glycerol-3-phosphate dehydrogenase	PRK00094	47
PRK00095.1-3	DNA mismatch repair endonuclease MutL	PRK00095	49
PRK00095.2-4	DNA mismatch repair endonuclease MutL	PRK00095	2
PRK00099.1-1	50S ribosomal protein L10	PRK00099	5
PRK00103.1-3	23S rRNA (pseudouridine(1915)-N(3))-methyltransferase RlmH	PRK00103	13
PRK00104.1-4	segregation/condensation protein A	PRK00104	10
PRK00106.1	ribonuclease Y	PRK00106	22
PRK00110.1	YebC/PmpR family DNA-binding transcriptional regulator	PRK00110	43
PRK00114.1	Hsp33 family molecular chaperone HslO	PRK00114	5
PRK00118.1-1	putative DNA-binding protein	PRK00118	3
PRK00118.1-4	putative DNA-binding protein	PRK00118	10
PRK00121.2-2	tRNA (guanosine(46)-N7)-methyltransferase TrmB	PRK00121	2
PRK00129.1	uracil phosphoribosyltransferase	PRK00129	11
PRK00132.1	30S ribosomal protein S9	PRK00132	13
PRK00136.1	30S ribosomal protein S8	PRK00136	7
PRK00139.1-2	UDP-N-acetylmuramoyl-L-alanyl-D-glutamate--2,6-diaminopimelate ligase	PRK00139	6
PRK00139.2-3	UDP-N-acetylmuramoyl-L-alanyl-D-glutamate--2,6-diaminopimelate ligase	PRK00139	4
PRK00139.2-4	UDP-N-acetylmuramoyl-L-alanyl-D-glutamate--2,6-diaminopimelate ligase	PRK00139	3
PRK00143.1	tRNA 2-thiouridine(34) synthase MnmA	PRK00143	33
PRK00147.1	tRNA preQ1(34) S-adenosylmethionine ribosyltransferase-isomerase QueA	PRK00147	12
PRK00175.1	homoserine O-acetyltransferase	PRK00175	3
PRK00197.1	glutamate-5-semialdehyde dehydrogenase	PRK00197	2
PRK00202.1-1	transcription antitermination factor NusB	PRK00202	4
PRK00216.1-1	bifunctional demethylmenaquinone methyltransferase/2-methoxy-6-polyprenyl-1,4-benzoquinol methylase UbiE	PRK00216	4
PRK00226.1-1	transcription elongation factor GreA	PRK00226	4
PRK00230.1	orotidine-5'-phosphate decarboxylase	PRK00230	22
PRK00277.1	ATP-dependent Clp protease proteolytic subunit	PRK00277	22
PRK00279.1-2	adenylate kinase	PRK00279	37
PRK00279.1-4	adenylate kinase	PRK00279	6
PRK00281.3-4	undecaprenyl-diphosphate phosphatase	PRK00281	1
PRK00283.1	tyrosine recombinase	PRK00283	6
PRK00290.1	molecular chaperone DnaK	PRK00290	57
PRK00311.1	3-methyl-2-oxobutanoate hydroxymethyltransferase	PRK00311	1
PRK00331.1	isomerizing glutamine--fructose-6-phosphate transaminase	PRK00331	21
PRK00349.1	excinuclease ABC subunit UvrA	PRK00349	93
PRK00364.1-5	co-chaperone GroES	PRK00364	1
PRK00364.2-5	co-chaperone GroES	PRK00364	5
PRK00405.1	DNA-directed RNA polymerase subunit beta	PRK00405	64
PRK00409.1-3	endonuclease MutS2	PRK00409	63
PRK00409.1-5	endonuclease MutS2	PRK00409	8
PRK00443.1-1	glucosamine-6-phosphate deaminase	PRK00443	32
PRK00448.1	PolC-type DNA polymerase III	PRK00448	164
PRK00455.1-3	orotate phosphoribosyltransferase	PRK00455	2
PRK00465.1	50S ribosomal protein L36	PRK00465	2
PRK00476.1	aspartate--tRNA ligase	PRK00476	40
PRK00484.1	lysine--tRNA ligase	PRK00484	23
PRK00504.1	50S ribosomal protein L33	PRK00504	1
PRK00509.1	argininosuccinate synthase	PRK00509	5
PRK00529.1	elongation factor P	PRK00529	2
PRK00549.1	competence/damage-inducible protein A	PRK00549	15
PRK00558.1-5	excinuclease ABC subunit UvrC	PRK00558	5
PRK00567.1-3	large-conductance mechanosensitive channel protein MscL	PRK00567	2
PRK00571.1-3	F0F1 ATP synthase subunit epsilon	PRK00571	6
PRK00591.1	peptide chain release factor 1	PRK00591	28
PRK00595.1	50S ribosomal protein L33	PRK00595	4
PRK00596.1	30S ribosomal protein S10	PRK00596	15
PRK00654.1-1	glycogen synthase GlgA	PRK00654	6
PRK00654.1-2	glycogen synthase GlgA	PRK00654	2
PRK00668.1	nucleoside-diphosphate kinase	PRK00668	2
PRK00701.1	Mn(2+) uptake NRAMP transporter MntH	PRK00701	53
PRK00702.1	ribose-5-phosphate isomerase RpiA	PRK00702	4
PRK00741.1	peptide chain release factor 3	PRK00741	58
PRK00750.1-2	lysine--tRNA ligase	PRK00750	4
PRK00768.1	ammonia-dependent NAD(+) synthetase	PRK00768	18
PRK00779.1	ornithine carbamoyltransferase	PRK00779	4
PRK00802.1-2	DNA-3-methyladenine glycosylase	PRK00802	3
PRK00811.1	polyamine aminopropyltransferase	PRK00811	1
PRK00831.1	type B 50S ribosomal protein L36	PRK00831	4
PRK00856.1	aspartate carbamoyltransferase catalytic subunit	PRK00856	10
PRK00865.1-3	glutamate racemase	PRK00865	25
PRK00881.1	bifunctional phosphoribosylaminoimidazolecarboxamide formyltransferase/IMP cyclohydrolase	PRK00881	40
PRK00892.1	UDP-3-O-(3-hydroxymyristoyl)glucosamine N-acyltransferase	PRK00892	2
PRK00913.2-4	leucyl aminopeptidase	PRK00913	1
PRK00915.1-4	2-isopropylmalate synthase	PRK00915	5
PRK00924.1	5-dehydro-4-deoxy-D-glucuronate isomerase	PRK00924	35
PRK00951.1-5	imidazoleglycerol-phosphate dehydratase HisB	PRK00951	1
PRK00977.1-2	exodeoxyribonuclease VII small subunit	PRK00977	13
PRK00982.1-2	acyl carrier protein	PRK00982	6
PRK00982.1-4	acyl carrier protein	PRK00982	8
PRK00982.1-5	acyl carrier protein	PRK00982	2
PRK01045.1-4	4-hydroxy-3-methylbut-2-enyl diphosphate reductase	PRK01045	1
PRK01060.1-1	deoxyribonuclease IV	PRK01060	31
PRK01076.1	L-rhamnose isomerase	PRK01076	10
PRK01117.1	adenylosuccinate synthase	PRK01117	51
PRK01213.1	phosphoribosylformylglycinamidine synthase subunit PurL	PRK01213	85
PRK01259.1	ribose-phosphate diphosphokinase	PRK01259	17
PRK01278.1	acetylornithine transaminase	PRK01278	3
PRK01326.1	peptidylprolyl isomerase PrsA	PRK01326	2
PRK01372.1	D-alanine--D-alanine ligase	PRK01372	1
PRK01388.1	arginine deiminase	PRK01388	1
PRK01641.1	3-isopropylmalate dehydratase small subunit	PRK01641	4
PRK01655.1	transcriptional regulator Spx	PRK01655	9
PRK01678.1	type B 50S ribosomal protein L31	PRK01678	6
PRK01827.1-2	thymidylate synthase	PRK01827	13
PRK01844.1	YneF family protein	PRK01844	6
PRK01966.1-2	D-alanine--D-alanine ligase	PRK01966	2
PRK01966.1-4	D-alanine--D-alanine ligase	PRK01966	1
PRK01966.1-5	D-alanine--D-alanine ligase	PRK01966	28
PRK02234.1-1	Holliday junction resolvase RecU	PRK02234	5
PRK02234.1-5	Holliday junction resolvase RecU	PRK02234	18
PRK02260.2-4	S-ribosylhomocysteine lyase	PRK02260	29
PRK02269.1	ribose-phosphate diphosphokinase	PRK02269	52
PRK02304.1-2	adenine phosphoribosyltransferase	PRK02304	21
PRK02304.1-5	adenine phosphoribosyltransferase	PRK02304	3
PRK02406.1	DNA polymerase IV	PRK02406	17
PRK02458.1	ribose-phosphate diphosphokinase	PRK02458	20
PRK02463.1	membrane protein insertase YidC	PRK02463	13
PRK02471.1	bifunctional glutamate--cysteine ligase GshA/glutathione synthetase GshB	PRK02471	44
PRK02491.1	nucleoside-triphosphate diphosphatase	PRK02491	5
PRK02539.1	DUF896 family protein	PRK02539	9
PRK02597.1	DNA-directed RNA polymerase subunit beta'	PRK02597	18
PRK02628.1	NAD(+) synthase	PRK02628	4
PRK02833.1-1	phosphate-starvation-inducible protein PsiE	PRK02833	5
PRK02925.1	glucuronate isomerase	PRK02925	9
PRK02929.1	L-arabinose isomerase	PRK02929	57
PRK03080.1-2	phosphoserine transaminase	PRK03080	8
PRK03202.1	ATP-dependent 6-phosphofructokinase	PRK03202	8
PRK03619.1	phosphoribosylformylglycinamidine synthase subunit PurQ	PRK03619	22
PRK03643.1	tagaturonate reductase	PRK03643	41
PRK03767.1	NAD(P)H:quinone oxidoreductase	PRK03767	2
PRK03906.1	mannonate dehydratase	PRK03906	10
PRK03932.1	asparagine--tRNA ligase	PRK03932	37
PRK04158.1	GTP-sensing pleiotropic transcriptional regulator CodY	PRK04158	11
PRK04161.1	tagatose 1,6-diphosphate aldolase	PRK04161	13
PRK04280.1	transcriptional regulator ArgR	PRK04280	2
PRK04284.1	ornithine carbamoyltransferase	PRK04284	18
PRK04296.1-4	thymidine kinase	PRK04296	23
PRK04351.1	SprT family protein	PRK04351	9
PRK04375.1-2	heme o synthase	PRK04375	3
PRK04387.1	hypothetical protein	PRK04387	1
PRK04778.1-4	septation ring formation regulator EzrA	PRK04778	32
PRK04813.1	D-alanine--poly(phosphoribitol) ligase subunit DltA	PRK04813	18
PRK04837.1	ATP-dependent RNA helicase RhlB	PRK04837	7
PRK04885.1	NAD kinase	PRK04885	21
PRK05087.1	D-alanine--poly(phosphoribitol) ligase subunit DltC	PRK05087	6
PRK05092.1	[protein-PII] uridylyltransferase	PRK05092	2
PRK05170.1-5	YcgN family cysteine cluster protein	PRK05170	4
PRK05182.2-1	DNA-directed RNA polymerase subunit alpha	PRK05182	44
PRK05182.2-4	DNA-directed RNA polymerase subunit alpha	PRK05182	12
PRK05185.1	50S ribosomal protein L20	PRK05185	6
PRK05198.1	3-deoxy-8-phosphooctulonate synthase	PRK05198	12
PRK05201.1	ATP-dependent protease ATPase subunit HslU	PRK05201	22
PRK05205.1-4	bifunctional pyr operon transcriptional regulator/uracil phosphoribosyltransferase PyrR	PRK05205	12
PRK05205.1-5	bifunctional pyr operon transcriptional regulator/uracil phosphoribosyltransferase PyrR	PRK05205	6
PRK05218.1	molecular chaperone HtpG	PRK05218	1
PRK05222.1	5-methyltetrahydropteroyltriglutamate--homocysteine S-methyltransferase	PRK05222	4
PRK05234.1	methylglyoxal synthase	PRK05234	3
PRK05253.1	sulfate adenylyltransferase subunit CysD	PRK05253	3
PRK05254.1-1	uracil-DNA glycosylase	PRK05254	1
PRK05254.1-2	uracil-DNA glycosylase	PRK05254	14
PRK05254.1-5	uracil-DNA glycosylase	PRK05254	22
PRK05261.1-2	phosphoketolase	PRK05261	2
PRK05261.1-3	phosphoketolase	PRK05261	211
PRK05261.1-6	phosphoketolase	PRK05261	2
PRK05265.1-2	pyridoxine 5'-phosphate synthase	PRK05265	1
PRK05270.1-2	UDP-glucose--hexose-1-phosphate uridylyltransferase	PRK05270	4
PRK05270.1-3	UDP-glucose--hexose-1-phosphate uridylyltransferase	PRK05270	1
PRK05270.1-5	UDP-glucose--hexose-1-phosphate uridylyltransferase	PRK05270	10
PRK05270.2-2	UDP-glucose--hexose-1-phosphate uridylyltransferase	PRK05270	20
PRK05270.3-2	UDP-glucose--hexose-1-phosphate uridylyltransferase	PRK05270	6
PRK05291.1-3	tRNA uridine-5-carboxymethylaminomethyl(34) synthesis GTPase MnmE	PRK05291	9
PRK05293.1	glucose-1-phosphate adenylyltransferase	PRK05293	57
PRK05294.1	carbamoyl-phosphate synthase large subunit	PRK05294	38
PRK05298.1	excinuclease ABC subunit UvrB	PRK05298	52
PRK05309.1	30S ribosomal protein S11	PRK05309	18
PRK05312.1	4-hydroxythreonine-4-phosphate dehydrogenase PdxA	PRK05312	3
PRK05322.1	galactokinase	PRK05322	51
PRK05327.1	30S ribosomal protein S4	PRK05327	12
PRK05330.1	oxygen-dependent coproporphyrinogen oxidase	PRK05330	1
PRK05335.1	methylenetetrahydrofolate--tRNA-(uracil(54)-C(5))-methyltransferase (FADH(2)-oxidizing) TrmFO	PRK05335	33
PRK05339.1	pyruvate, phosphate dikinase/phosphoenolpyruvate synthase regulator	PRK05339	7
PRK05342.1	ATP-dependent Clp protease ATP-binding subunit ClpX	PRK05342	28
PRK05362.1	phosphopentomutase	PRK05362	11
PRK05380.1	CTP synthase	PRK05380	30
PRK05382.1	chorismate synthase	PRK05382	8
PRK05399.1	DNA mismatch repair protein MutS	PRK05399	8
PRK05416.1	RNase adapter RapZ	PRK05416	9
PRK05422.1	SsrA-binding protein SmpB	PRK05422	26
PRK05427.1	manganese-dependent inorganic pyrophosphatase	PRK05427	5
PRK05441.1	N-acetylmuramic acid 6-phosphate etherase	PRK05441	16
PRK05443.1-4	RNA degradosome polyphosphate kinase	PRK05443	4
PRK05446.1	bifunctional histidinol-phosphatase/imidazoleglycerol-phosphate dehydratase HisB	PRK05446	1
PRK05450.1-1	3-deoxy-manno-octulosonate cytidylyltransferase	PRK05450	2
PRK05454.1-3	glucans biosynthesis glucosyltransferase MdoH	PRK05454	3
PRK05454.2-1	glucans biosynthesis glucosyltransferase MdoH	PRK05454	2
PRK05458.1	GMP reductase	PRK05458	13
PRK05467.1-3	Fe2+-dependent dioxygenase	PRK05467	1
PRK05467.1-4	Fe2+-dependent dioxygenase	PRK05467	3
PRK05469.1	tripeptide aminopeptidase PepT	PRK05469	10
PRK05472.1-3	redox-sensing transcriptional repressor Rex	PRK05472	25
PRK05473.1	IreB family regulatory phosphoprotein	PRK05473	12
PRK05474.1	xylose isomerase	PRK05474	10
PRK05477.1-1	Asp-tRNA(Asn)/Glu-tRNA(Gln) amidotransferase subunit GatB	PRK05477	71
PRK05478.1	3-isopropylmalate dehydratase large subunit	PRK05478	1
PRK05479.1	ketol-acid reductoisomerase	PRK05479	4
PRK05480.1	uridine kinase	PRK05480	19
PRK05550.1	bifunctional methionine sulfoxide reductase B/A protein	PRK05550	1
PRK05560.1	DNA gyrase subunit A	PRK05560	17
PRK05561.1	DNA topoisomerase 4 subunit A	PRK05561	45
PRK05563.1	DNA polymerase III subunit gamma/tau	PRK05563	60
PRK05580.1-3	primosomal protein N'	PRK05580	18
PRK05580.1-4	primosomal protein N'	PRK05580	3
PRK05580.1-5	primosomal protein N'	PRK05580	36
PRK05581.1-4	ribulose-phosphate 3-epimerase	PRK05581	10
PRK05584.1	5'-methylthioadenosine/adenosylhomocysteine nucleosidase	PRK05584	6
PRK05586.1	acetyl-CoA carboxylase biotin carboxylase subunit	PRK05586	31
PRK05610.1	30S ribosomal protein S17	PRK05610	12
PRK05618.1-2	50S ribosomal protein L25/general stress protein Ctc	PRK05618	1
PRK05618.2-4	50S ribosomal protein L25/general stress protein Ctc	PRK05618	2
PRK05621.2-1	F0F1 ATP synthase subunit gamma	PRK05621	41
PRK05627.1-4	bifunctional riboflavin kinase/FAD synthetase	PRK05627	8
PRK05632.1	phosphate acetyltransferase	PRK05632	2
PRK05644.1	DNA gyrase subunit B	PRK05644	79
PRK05658.1	RNA polymerase sigma factor RpoD	PRK05658	13
PRK05673.1	DNA polymerase III subunit alpha	PRK05673	15
PRK05679.1	pyridoxal 5'-phosphate synthase	PRK05679	2
PRK05724.1	acetyl-CoA carboxylase carboxyltransferase subunit alpha	PRK05724	6
PRK05729.1	valine--tRNA ligase	PRK05729	73
PRK05738.2-1	50S ribosomal protein L23	PRK05738	2
PRK05748.1	replicative DNA helicase	PRK05748	32
PRK05755.1	DNA polymerase I	PRK05755	25
PRK05815.1-4	F0F1 ATP synthase subunit A	PRK05815	13
PRK05819.1	DeoD-type purine-nucleoside phosphorylase	PRK05819	14
PRK05820.1	thymidine phosphorylase	PRK05820	12
PRK05826.1	pyruvate kinase	PRK05826	1
PRK05899.2-4	transketolase	PRK05899	18
PRK05964.1	adenosylmethionine--8-amino-7-oxononanoate transaminase	PRK05964	2
PRK05996.1	MotB family protein	PRK05996	3
PRK06019.1-1	5-(carboxyamino)imidazole ribonucleotide synthase	PRK06019	27
PRK06078.1	pyrimidine-nucleoside phosphorylase	PRK06078	34
PRK06079.1	enoyl-ACP reductase FabI	PRK06079	31
PRK06128.1	SDR family oxidoreductase	PRK06128	15
PRK06247.1	pyruvate kinase	PRK06247	9
PRK06299.1-5	30S ribosomal protein S1	PRK06299	1
PRK06341.1	single-stranded DNA-binding protein	PRK06341	2
PRK06347.1	1,4-beta-N-acetylmuramoylhydrolase	PRK06347	9
PRK06349.1	homoserine dehydrogenase	PRK06349	1
PRK06354.1	pyruvate kinase	PRK06354	25
PRK06505.1	enoyl-ACP reductase FabI	PRK06505	2
PRK06550.1	3-oxoacyl-ACP reductase	PRK06550	28
PRK06552.1	bifunctional 2-keto-4-hydroxyglutarate aldolase/2-keto-3-deoxy-6-phosphogluconate aldolase	PRK06552	21
PRK06596.1	RNA polymerase factor sigma-32	PRK06596	1
PRK06635.1-2	aspartate kinase	PRK06635	1
PRK06635.1-4	aspartate kinase	PRK06635	2
PRK06676.1	30S ribosomal protein S1	PRK06676	43
PRK06732.1	phosphopantothenate--cysteine ligase	PRK06732	11
PRK06751.1	single-stranded DNA-binding protein	PRK06751	6
PRK06876.1	F0F1 ATP synthase subunit C	PRK06876	2
PRK06920.1	DNA polymerase III subunit alpha	PRK06920	16
PRK07049.1	cystathionine gamma-synthase family protein	PRK07049	8
PRK07053.1	glutamine amidotransferase	PRK07053	1
PRK07097.1	gluconate 5-dehydrogenase	PRK07097	40
PRK07178.1	acetyl-CoA carboxylase biotin carboxylase subunit	PRK07178	1
PRK07252.1	S1 RNA-binding domain-containing protein	PRK07252	4
PRK07259.1	dihydroorotate dehydrogenase	PRK07259	41
PRK07275.1	single-stranded DNA-binding protein	PRK07275	59
PRK07279.1	DNA polymerase III subunit alpha	PRK07279	4
PRK07281.1	methionyl aminopeptidase	PRK07281	28
PRK07308.1	flavodoxin	PRK07308	25
PRK07314.1	beta-ketoacyl-ACP synthase II	PRK07314	42
PRK07315.1	fructose-bisphosphate aldolase	PRK07315	33
PRK07318.1	dipeptidase PepV	PRK07318	19
PRK07334.1	threonine ammonia-lyase	PRK07334	1
PRK07502.1	prephenate/arogenate dehydrogenase family protein	PRK07502	2
PRK07714.1	YlxQ family RNA-binding protein	PRK07714	1
PRK07726.1	DNA topoisomerase 3	PRK07726	18
PRK07729.1	glyceraldehyde-3-phosphate dehydrogenase	PRK07729	3
PRK07956.1	NAD-dependent DNA ligase LigA	PRK07956	33
PRK07985.1	SDR family oxidoreductase	PRK07985	29
PRK08058.1	DNA polymerase III subunit delta'	PRK08058	12
PRK08061.1	type Z 30S ribosomal protein S14	PRK08061	1
PRK08071.1	L-aspartate oxidase	PRK08071	7
PRK08159.1	enoyl-ACP reductase FabI	PRK08159	9
PRK08193.1	L-ribulose-5-phosphate 4-epimerase AraD	PRK08193	27
PRK08202.1	purine-nucleoside phosphorylase	PRK08202	24
PRK08273.1	thiamine pyrophosphate-requiring protein	PRK08273	1
PRK08363.1	alanine aminotransferase	PRK08363	8
PRK08415.1	enoyl-ACP reductase FabI	PRK08415	1
PRK08581.1-2	amidase domain-containing protein	PRK08581	27
PRK08582.1	S1 domain-containing RNA-binding protein	PRK08582	6
PRK08591.1	acetyl-CoA carboxylase biotin carboxylase subunit	PRK08591	31
PRK08621.1	galactose-6-phosphate isomerase subunit LacA	PRK08621	9
PRK08636.1	LL-diaminopimelate aminotransferase	PRK08636	1
PRK08654.1	acetyl-CoA carboxylase biotin carboxylase subunit	PRK08654	4
PRK08673.1	3-deoxy-7-phosphoheptulonate synthase	PRK08673	35
PRK08780.1	DNA topoisomerase I	PRK08780	8
PRK08936.1	glucose-1-dehydrogenase	PRK08936	15
PRK08939.1	primosomal protein DnaI	PRK08939	21
PRK09039.1-2	peptidoglycan -binding protein	PRK09039	1
PRK09102.1	ribonucleoside-diphosphate reductase subunit alpha	PRK09102	13
PRK09104.1	hypothetical protein	PRK09104	2
PRK09107.1	acetolactate synthase 3 large subunit	PRK09107	1
PRK09111.1	DNA polymerase III subunit gamma/tau	PRK09111	3
PRK09126.1	5-demethoxyubiquinol-8 5-hydroxylase UbiM	PRK09126	3
PRK09148.1	LL-diaminopimelate aminotransferase	PRK09148	5
PRK09165.1	replicative DNA helicase	PRK09165	2
PRK09185.1	beta-ketoacyl-ACP synthase	PRK09185	4
PRK09192.1	fatty acyl-AMP ligase	PRK09192	2
PRK09194.1	proline--tRNA ligase	PRK09194	25
PRK09200.1	preprotein translocase subunit SecA	PRK09200	12
PRK09206.1	pyruvate kinase PykF	PRK09206	4
PRK09210.1	RNA polymerase sigma factor RpoD	PRK09210	48
PRK09219.1	xanthine phosphoribosyltransferase	PRK09219	32
PRK09243.1-1	nicotinate phosphoribosyltransferase	PRK09243	69
PRK09243.1-4	nicotinate phosphoribosyltransferase	PRK09243	1
PRK09257.1	aromatic amino acid transaminase	PRK09257	1
PRK09263.1	anaerobic ribonucleoside-triphosphate reductase	PRK09263	90
PRK09275.1	bifunctional aspartate transaminase/aspartate 4-decarboxylase	PRK09275	23
PRK09287.1	NADP-dependent phosphogluconate dehydrogenase	PRK09287	45
PRK09311.1	bifunctional 3,4-dihydroxy-2-butanone-4-phosphate synthase/GTP cyclohydrolase II	PRK09311	2
PRK09347.1-3	GTP cyclohydrolase I FolE	PRK09347	4
PRK09348.1	glycine--tRNA ligase subunit alpha	PRK09348	4
PRK09352.1	beta-ketoacyl-ACP synthase 3	PRK09352	26
PRK09355.1	hydroxyethylthiazole kinase	PRK09355	4
PRK09357.1-2	dihydroorotase	PRK09357	31
PRK09362.1-3	phosphoribosylaminoimidazolesuccinocarboxamide synthase	PRK09362	10
PRK09369.1	UDP-N-acetylglucosamine 1-carboxyvinyltransferase	PRK09369	13
PRK09375.1-4	quinolinate synthase NadA	PRK09375	2
PRK09375.2-1	quinolinate synthase NadA	PRK09375	22
PRK09376.1	transcription termination factor Rho	PRK09376	33
PRK09379.1	LytR family transcriptional regulator	PRK09379	25
PRK09404.1	2-oxoglutarate dehydrogenase E1 component	PRK09404	1
PRK09410.1-5	PTS ascorbate transporter subunit IIC	PRK09410	47
PRK09422.1	alcohol dehydrogenase AdhP	PRK09422	69
PRK09423.1	glycerol dehydrogenase	PRK09423	2
PRK09441.1-2	alpha-amylase	PRK09441	12
PRK09441.1-3	alpha-amylase	PRK09441	4
PRK09441.1-5	alpha-amylase	PRK09441	1
PRK09452.1	spermidine/putrescine ABC transporter ATP-binding protein PotA	PRK09452	25
PRK09469.1	glutamate--ammonia ligase	PRK09469	3
PRK09473.1	oligopeptide ABC transporter ATP-binding protein OppD	PRK09473	22
PRK09493.1	glutamine ABC transporter ATP-binding protein GlnQ	PRK09493	15
PRK09533.1	bifunctional transaldolase/phosoglucose isomerase	PRK09533	5
PRK09553.1	taurine dioxygenase	PRK09553	3
PRK09557.1	fructokinase	PRK09557	2
PRK09564.1	CoA-disulfide reductase	PRK09564	11
PRK09580.1	Fe-S cluster assembly ATPase SufC	PRK09580	1
PRK09589.1	6-phospho-beta-glucosidase	PRK09589	53
PRK09593.1	6-phospho-beta-glucosidase	PRK09593	107
PRK09599.1	NADP-dependent phosphogluconate dehydrogenase	PRK09599	4
PRK09614.1-4	ribonucleotide-diphosphate reductase subunit beta	PRK09614	13
PRK09614.1-5	ribonucleotide-diphosphate reductase subunit beta	PRK09614	3
PRK09653.1	phosphotransacetylase	PRK09653	37
PRK09692.1	integrase domain-containing protein	PRK09692	1
PRK09700.1	D-allose ABC transporter ATP-binding protein AlsA	PRK09700	3
PRK09795.1	aminopeptidase	PRK09795	9
PRK09824.1	PTS beta-glucoside transporter subunit IIABC	PRK09824	32
PRK09864.1	aminopeptidase	PRK09864	2
PRK09874.1	multidrug efflux MFS transporter MdtG	PRK09874	2
PRK09907.1	endoribonuclease MazF	PRK09907	3
PRK09912.1	L-glyceraldehyde 3-phosphate reductase	PRK09912	2
PRK09977.1	MgtC/SapB family protein	PRK09977	2
PRK10084.1	dTDP-glucose 4,6-dehydratase	PRK10084	4
PRK10092.1	maltose O-acetyltransferase	PRK10092	12
PRK10247.1	iron ABC transporter ATP-binding protein FetA	PRK10247	5
PRK10263.1	DNA translocase FtsK	PRK10263	22
PRK10354.1	RNA chaperone/antiterminator CspA	PRK10354	11
PRK10443.1	pyrimidine-specific ribonucleoside hydrolase RihA	PRK10443	41
PRK10503.1	MdtB/MuxB family multidrug efflux RND transporter permease subunit	PRK10503	7
PRK10513.1	sugar-phosphatase	PRK10513	7
PRK10536.1	phosphate starvation-inducible protein PhoH	PRK10536	6
PRK10543.1	superoxide dismutase [Fe]	PRK10543	2
PRK10555.1	multidrug efflux RND transporter permease AcrD	PRK10555	4
PRK10581.1	(2E,6E)-farnesyl diphosphate synthase	PRK10581	2
PRK10619.1	histidine ABC transporter ATP-binding protein HisP	PRK10619	6
PRK10624.1	lactaldehyde reductase	PRK10624	36
PRK10642.1	glycine betaine/L-proline transporter ProP	PRK10642	2
PRK10643.1	two-component system response regulator PmrA	PRK10643	1
PRK10663.1	cytochrome o ubiquinol oxidase subunit III	PRK10663	1
PRK10664.1	DNA-binding protein HU-beta	PRK10664	2
PRK10671.1	copper-exporting P-type ATPase CopA	PRK10671	6
PRK10717.1	cysteine synthase A	PRK10717	5
PRK10720.1	uracil permease	PRK10720	9
PRK10735.1	metalloprotease TldD	PRK10735	1
PRK10767.1	molecular chaperone DnaJ	PRK10767	1
PRK10787.1	endopeptidase La	PRK10787	1
PRK10818.1	septum site-determining protein MinD	PRK10818	2
PRK10872.1	GTP diphosphokinase	PRK10872	1
PRK10917.1-3	ATP-dependent DNA helicase RecG	PRK10917	83
PRK10917.2-2	ATP-dependent DNA helicase RecG	PRK10917	1
PRK10918.1	phosphate ABC transporter substrate-binding protein PstS	PRK10918	1
PRK10925.1	superoxide dismutase [Mn]	PRK10925	7
PRK10933.1	alpha,alpha-phosphotrehalase	PRK10933	1
PRK10943.1	cold shock-like protein CspC	PRK10943	1
PRK10952.1	glycine betaine/L-proline ABC transporter permease ProW	PRK10952	4
PRK11000.1	maltose/maltodextrin ABC transporter ATP-binding protein MalK	PRK11000	1
PRK11034.1	ATP-dependent Clp protease ATP-binding subunit ClpA	PRK11034	2
PRK11083.1	two-component system response regulator CreB	PRK11083	1
PRK11103.1	PTS mannose transporter subunit IID	PRK11103	14
PRK11106.1	7-cyano-7-deazaguanine synthase QueC	PRK11106	6
PRK11145.1	pyruvate formate lyase 1-activating protein	PRK11145	2
PRK11177.1	phosphoenolpyruvate-protein phosphotransferase PtsI	PRK11177	11
PRK11192.1	ATP-dependent RNA helicase SrmB	PRK11192	5
PRK11231.1	Fe(3+) dicitrate ABC transporter ATP-binding protein FecE	PRK11231	4
PRK11241.1	NADP-dependent succinate-semialdehyde dehydrogenase	PRK11241	2
PRK11249.1	catalase HPII	PRK11249	3
PRK11264.1	L-cystine ABC transporter ATP-binding protein YecC	PRK11264	17
PRK11448.1	type I restriction-modification system endonuclease	PRK11448	3
PRK11543.1	arabinose-5-phosphate isomerase GutQ	PRK11543	1
PRK11565.1	2,5-didehydrogluconate reductase DkgA	PRK11565	2
PRK11634.1	DEAD/DEAH family ATP-dependent RNA helicase	PRK11634	1
PRK11650.1	sn-glycerol-3-phosphate ABC transporter ATP-binding protein UgpC	PRK11650	65
PRK11670.1	iron-sulfur cluster carrier protein ApbC	PRK11670	2
PRK11705.1	cyclopropane fatty acyl phospholipid synthase	PRK11705	1
PRK11713.1-4	16S rRNA (uracil(1498)-N(3))-methyltransferase	PRK11713	8
PRK11713.3-2	16S rRNA (uracil(1498)-N(3))-methyltransferase	PRK11713	1
PRK11750.1	glutamate synthase large subunit	PRK11750	6
PRK11776.1	ATP-dependent RNA helicase DbpA	PRK11776	9
PRK11783.1	bifunctional 23S rRNA (guanine(2069)-N(7))-methyltransferase RlmK/23S rRNA (guanine(2445)-N(2))-methyltransferase RlmL	PRK11783	3
PRK11809.1	trifunctional transcriptional regulator/proline dehydrogenase/L-glutamate gamma-semialdehyde dehydrogenase	PRK11809	6
PRK11819.1	energy-dependent translational throttle protein EttA	PRK11819	12
PRK11824.1	polyribonucleotide nucleotidyltransferase	PRK11824	32
PRK11830.1	2,3,4,5-tetrahydropyridine-2,6-dicarboxylate N-succinyltransferase	PRK11830	1
PRK11886.1-1	bifunctional biotin--[acetyl-CoA-carboxylase] ligase/biotin operon repressor BirA	PRK11886	5
PRK11892.1	pyruvate dehydrogenase complex E1 component subunit beta	PRK11892	1
PRK11904.1	bifunctional proline dehydrogenase/L-glutamate gamma-semialdehyde dehydrogenase PutA	PRK11904	4
PRK12267.1	methionine--tRNA ligase	PRK12267	42
PRK12281.1	50S ribosomal protein L24	PRK12281	4
PRK12297.1	GTPase ObgE	PRK12297	34
PRK12319.1	acetyl-CoA carboxylase carboxyl transferase subunit alpha	PRK12319	30
PRK12325.1	proline--tRNA ligase	PRK12325	4
PRK12347.1	L-ribulose-5-phosphate 4-epimerase	PRK12347	6
PRK12352.1	carbamate kinase	PRK12352	3
PRK12378.1	YebC/PmpR family DNA-binding transcriptional regulator	PRK12378	11
PRK12397.1	acetate/propionate family kinase	PRK12397	6
PRK12399.1	tagatose 1,6-diphosphate aldolase	PRK12399	19
PRK12411.1	cytidine deaminase	PRK12411	5
PRK12412.1	pyridoxine/pyridoxal/pyridoxamine kinase	PRK12412	3
PRK12413.1	bifunctional hydroxymethylpyrimidine kinase/phosphomethylpyrimidine kinase	PRK12413	3
PRK12448.1	dihydroxy-acid dehydratase	PRK12448	8
PRK12463.1	chorismate synthase	PRK12463	19
PRK12553.1	ATP-dependent Clp protease proteolytic subunit	PRK12553	4
PRK12555.1	chemotaxis-specific protein-glutamate methyltransferase CheB	PRK12555	2
PRK12570.1	N-acetylmuramic acid 6-phosphate etherase	PRK12570	30
PRK12595.1	bifunctional 3-deoxy-7-phosphoheptulonate synthase/chorismate mutase	PRK12595	2
PRK12613.1	galactose-6-phosphate isomerase subunit LacA	PRK12613	4
PRK12615.1	galactose-6-phosphate isomerase subunit LacB	PRK12615	18
PRK12656.1	fructose-6-phosphate aldolase	PRK12656	14
PRK12735.1	elongation factor Tu	PRK12735	28
PRK12736.1	elongation factor Tu	PRK12736	23
PRK12740.1-5	elongation factor G	PRK12740	6
PRK12815.1	carbamoyl phosphate synthase large subunit	PRK12815	12
PRK12830.1	UDP-N-acetylglucosamine 1-carboxyvinyltransferase	PRK12830	63
PRK12838.1	carbamoyl phosphate synthase small subunit	PRK12838	6
PRK12849.1	chaperonin GroEL	PRK12849	1
PRK12850.1	chaperonin GroEL	PRK12850	6
PRK12851.1	chaperonin GroEL	PRK12851	1
PRK12861.1	NADP-dependent malic enzyme	PRK12861	1
PRK12881.1	aconitate hydratase AcnA	PRK12881	4
PRK12904.1	preprotein translocase subunit SecA	PRK12904	55
PRK13009.1	succinyl-diaminopimelate desuccinylase	PRK13009	1
PRK13024.1-3	protein translocase subunit SecDF	PRK13024	2
PRK13055.1	diacylglycerol kinase	PRK13055	37
PRK13128.1	D-aminopeptidase	PRK13128	1
PRK13145.1	L-ribulose-5-phosphate 4-epimerase	PRK13145	5
PRK13188.1	bifunctional UDP-3-O-[3-hydroxymyristoyl] N-acetylglucosamine deacetylase/3-hydroxyacyl-ACP dehydratase	PRK13188	3
PRK13197.1	pyroglutamyl-peptidase I	PRK13197	14
PRK13206.1	urease subunit alpha	PRK13206	3
PRK13207.1	urease subunit alpha	PRK13207	3
PRK13211.1	N-acetylglucosamine-binding protein GbpA	PRK13211	1
PRK13253.1	citrate lyase subunit gamma	PRK13253	2
PRK13299.1	CCA tRNA nucleotidyltransferase	PRK13299	23
PRK13341.1-4	AAA family ATPase	PRK13341	7
PRK13343.1	F0F1 ATP synthase subunit alpha	PRK13343	19
PRK13411.1	molecular chaperone DnaK	PRK13411	5
PRK13480.1	3'-5' exoribonuclease YhaM	PRK13480	25
PRK13505.1	formate--tetrahydrofolate ligase	PRK13505	83
PRK13508.1	tagatose-6-phosphate kinase	PRK13508	5
PRK13511.1	6-phospho-beta-galactosidase	PRK13511	55
PRK13536.1	nodulation factor ABC transporter ATP-binding protein NodI	PRK13536	4
PRK13545.1	teichoic acids export protein ATP-binding subunit	PRK13545	4
PRK13549.1	xylose ABC transporter ATP-binding protein	PRK13549	3
PRK13634.1	energy-coupling factor ABC transporter ATP-binding protein	PRK13634	19
PRK13635.1	energy-coupling factor ABC transporter ATP-binding protein	PRK13635	18
PRK13657.1	glucan ABC transporter ATP-binding protein/ permease	PRK13657	10
PRK13660.1	hypothetical protein	PRK13660	8
PRK13661.1	ECF-type riboflavin transporter substrate-binding protein	PRK13661	12
PRK13662.1	hypothetical protein	PRK13662	17
PRK13666.1	hypothetical protein	PRK13666	4
PRK13670.1	nucleotidyltransferase	PRK13670	11
PRK13678.1-2	hypothetical protein	PRK13678	12
PRK13694.1	hypothetical protein	PRK13694	2
PRK13780.1	phosphocarrier protein HPr	PRK13780	15
PRK13783.1	adenylosuccinate synthase	PRK13783	1
PRK13803.1	bifunctional phosphoribosylanthranilate isomerase/tryptophan synthase subunit beta	PRK13803	3
PRK13805.1	bifunctional acetaldehyde-CoA/alcohol dehydrogenase	PRK13805	116
PRK13818.1	ribosome-binding factor A	PRK13818	1
PRK13889.1	conjugal transfer relaxase TraA	PRK13889	7
PRK13905.1	UDP-N-acetylmuramate dehydrogenase	PRK13905	20
PRK13911.1	exodeoxyribonuclease III	PRK13911	6
PRK13927.1	rod shape-determining protein MreB	PRK13927	1
PRK13956.1	dUTP diphosphatase	PRK13956	1
PRK13962.1	bifunctional phosphoglycerate kinase/triosephosphate isomerase	PRK13962	51
PRK13969.1	proline racemase	PRK13969	51
PRK13977.1	oleate hydratase	PRK13977	8
PRK14012.1	IscS subfamily cysteine desulfurase	PRK14012	1
PRK14018.1	bifunctional peptide-methionine (S)-S-oxide reductase MsrA/peptide-methionine (R)-S-oxide reductase MsrB	PRK14018	19
PRK14019.1	bifunctional 3,4-dihydroxy-2-butanone-4-phosphate synthase/GTP cyclohydrolase II	PRK14019	1
PRK14086.1	chromosomal replication initiator protein DnaA	PRK14086	9
PRK14097.1	glucose-6-phosphate isomerase	PRK14097	41
PRK14104.1	chaperonin GroEL	PRK14104	3
PRK14115.1	2,3-diphosphoglycerate-dependent phosphoglycerate mutase	PRK14115	2
PRK14116.1	2,3-diphosphoglycerate-dependent phosphoglycerate mutase	PRK14116	21
PRK14117.1	phosphoglycerate mutase	PRK14117	1
PRK14118.1	2,3-diphosphoglycerate-dependent phosphoglycerate mutase	PRK14118	36
PRK14127.1	cell division regulator GpsB	PRK14127	8
PRK14156.1	nucleotide exchange factor GrpE	PRK14156	5
PRK14162.1	nucleotide exchange factor GrpE	PRK14162	9
PRK14179.1	bifunctional methylenetetrahydrofolate dehydrogenase/methenyltetrahydrofolate cyclohydrolase	PRK14179	25
PRK14188.1	bifunctional methylenetetrahydrofolate dehydrogenase/methenyltetrahydrofolate cyclohydrolase FolD	PRK14188	1
PRK14276.1	molecular chaperone DnaJ	PRK14276	37
PRK14277.1	chaperone protein DnaJ	PRK14277	1
PRK14280.1	molecular chaperone DnaJ	PRK14280	8
PRK14353.1	bifunctional UDP-N-acetylglucosamine diphosphorylase/glucosamine-1-phosphate N-acetyltransferase GlmU	PRK14353	2
PRK14354.1	bifunctional UDP-N-acetylglucosamine diphosphorylase/glucosamine-1-phosphate N-acetyltransferase GlmU	PRK14354	66
PRK14521.1	30S ribosomal protein S16	PRK14521	4
PRK14537.1	50S ribosomal protein L20/unknown domain fusion protein	PRK14537	6
PRK14608.1	4-(cytidine 5'-diphospho)-2-C-methyl-D-erythritol kinase	PRK14608	2
PRK14669.1	excinuclease ABC subunit C	PRK14669	1
PRK14770.1	lipoprotein signal peptidase	PRK14770	1
PRK14822.1	XTP/dITP diphosphatase	PRK14822	13
PRK14830.1	isoprenyl transferase	PRK14830	21
PRK14834.1	isoprenyl transferase	PRK14834	2
PRK14844.1	DNA-directed RNA polymerase subunit beta/beta'	PRK14844	1
PRK14869.1-5	putative manganese-dependent inorganic diphosphatase	PRK14869	9
PRK14874.1	aspartate-semialdehyde dehydrogenase	PRK14874	4
PRK14902.1	16S rRNA (cytosine(967)-C(5))-methyltransferase RsmB	PRK14902	20
PRK14906.1	DNA-directed RNA polymerase subunit beta'	PRK14906	18
PRK14908.1	glycine--tRNA ligase	PRK14908	16
PRK14939.1	DNA gyrase subunit B	PRK14939	10
PRK15014.1	6-phospho-beta-glucosidase	PRK15014	1
PRK15049.1	L-asparagine permease	PRK15049	5
PRK15061.1	catalase/peroxidase	PRK15061	8
PRK15064.1	ABC-F family ATPase	PRK15064	12
PRK15065.1	mannose/fructose/sorbose family PTS transporter subunit IIC	PRK15065	30
PRK15066.1	ABC transporter permease	PRK15066	24
PRK15079.1	murein tripeptide/oligopeptide ABC transporter ATP binding protein OppF	PRK15079	10
PRK15088.1	PTS mannose transporter subunit IIAB	PRK15088	14
PRK15104.1	oligopeptide ABC transporter substrate-binding protein OppA	PRK15104	2
PRK15122.1	magnesium-translocating P-type ATPase	PRK15122	30
PRK15138.1	alcohol dehydrogenase	PRK15138	4
PRK15452.1	tRNA 5-hydroxyuridine modification protein YegQ	PRK15452	4
PRTRC_parB	PRTRC system ParB family protein	TIGR03734	1
PR_assoc_PrdC	proline reductase-associated electron transfer protein PrdC	TIGR04481	38
PTS-II-ABC-beta	beta-glucoside-specific PTS transporter subunit IIABC	TIGR01995	85
PTS-II-BC-nag	N-acetylglucosamine-specific PTS transporter subunit IIBC	TIGR01998	22
PTS_IIC_fructo	fructose-specific PTS transporter subunit EIIC	TIGR01427	12
PTS_I_fam	phosphoenolpyruvate--protein phosphotransferase	TIGR01417	11
ParA_partition	ParA family partition ATPase		1
PepG1	type I toxin-antitoxin system toxin PepG1		143
PhnE	phosphonate ABC transporter, permease protein PhnE	TIGR01097	11
PhnT2	putative 2-aminoethylphosphonate ABC transporter ATP-binding protein	TIGR03265	3
PhoB	phosphate regulon transcriptional regulator PhoB	TIGR02154	7
PknB_PASTA_kin	Stk1 family PASTA domain-containing Ser/Thr kinase		52
Pmev_kin_Gr_pos	phosphomevalonate kinase	TIGR01220	33
PurN	phosphoribosylglycinamide formyltransferase	TIGR00639	3
PyrG	CTP synthase (glutamine hydrolyzing)	TIGR00337	8
Q_tRNA_tgt	tRNA guanosine(34) transglycosylase Tgt	TIGR00430	24
RNAP_delt_lowGC	DNA-directed RNA polymerase subunit delta	TIGR04567	15
RNA_bind_YhbY	ribosome assembly RNA-binding protein YhbY	TIGR00253	1
RNA_repair_RtcR	RNA repair transcriptional activator RtcR		2
RND_permease_1	multidrug efflux RND transporter permease subunit		2
RNR_1b_NrdE	class 1b ribonucleoside-diphosphate reductase subunit alpha	TIGR04170	41
RNaseIII	ribonuclease III	TIGR02191	1
RNasePH	ribonuclease PH	TIGR01966	28
RNase_R	ribonuclease R	TIGR02063	54
RNase_Y	ribonuclease Y	TIGR03319	38
RNase_Z	ribonuclease Z	TIGR02651	5
ROK_glcA_fam	ROK family glucokinase	TIGR00744	23
RicT_YaaT_fam	regulatory iron-sulfur-containing complex subunit RicT		29
S15_bact	30S ribosomal protein S15	TIGR00952	20
S16	30S ribosomal protein S16	TIGR00002	2
S18	30S ribosomal protein S18	TIGR00165	4
S1_dom_CvfD	CvfD/Ygs/GSP13 family RNA-binding post-transcriptional regulator		8
S21p	30S ribosomal protein S21	TIGR00030	2
SAM_DCase_Bsu	adenosylmethionine decarboxylase	TIGR03330	1
SMC_prok_B	chromosome segregation protein SMC	TIGR02168	61
SUF_scaf_2	SUF system NifU family Fe-S cluster assembly protein	TIGR01994	10
SecA2_Bac_anthr	accessory Sec system translocase SecA2	TIGR04397	3
SepM_fam_S16	SepM family pheromone-processing serine protease		7
Stp1_PP2C_phos	Stp1/IreP family PP2C-type Ser/Thr phosphatase		19
T4P_ComGB	competence type IV pilus assembly protein ComGB		4
T6A_TsaD_YgjD	tRNA (adenosine(37)-N6)-threonylcarbamoyltransferase complex transferase subunit TsaD	TIGR03723	27
T6A_YeaZ	tRNA (adenosine(37)-N6)-threonylcarbamoyltransferase complex dimerization subunit type 1 TsaB	TIGR03725	10
T6A_YjeE	tRNA (adenosine(37)-N6)-threonylcarbamoyltransferase complex ATPase subunit type 1 TsaE	TIGR00150	3
TF_CBS_SpxR	CBS-HotDog domain-containing transcription factor SpxR		6
TIGR00006	16S rRNA (cytosine(1402)-N(4))-methyltransferase RsmH	TIGR00006	20
TIGR00010	YchF/TatD family DNA exonuclease	TIGR00010	12
TIGR00043	rRNA maturation RNase YbeY	TIGR00043	7
TIGR00045	glycerate kinase	TIGR00045	6
TIGR00054	RIP metalloprotease RseP	TIGR00054	7
TIGR00056	MlaE family lipid ABC transporter permease subunit	TIGR00056	2
TIGR00092	redox-regulated ATPase YchF	TIGR00092	50
TIGR00096	16S rRNA (cytidine(1402)-2'-O)-methyltransferase	TIGR00096	1
TIGR00159	diadenylate cyclase CdaA	TIGR00159	16
TIGR00242	division/cell wall cluster transcriptional repressor MraZ	TIGR00242	2
TIGR00244	transcriptional regulator NrdR	TIGR00244	15
TIGR00245	iron export ABC transporter permease subunit FetB	TIGR00245	4
TIGR00256	D-aminoacyl-tRNA deacylase	TIGR00256	11
TIGR00278	membrane protein insertion efficiency factor YidD	TIGR00278	1
TIGR00282	TIGR00282 family metallophosphoesterase	TIGR00282	8
TIGR00342	tRNA 4-thiouridine(8) synthase ThiI	TIGR00342	4
TIGR00357	peptide-methionine (R)-S-oxide reductase MsrB	TIGR00357	3
TIGR00426	competence protein ComEA helix-hairpin-helix repeat region	TIGR00426	2
TIGR00726	peptidoglycan editing factor PgeF	TIGR00726	1
TIGR01033	YebC/PmpR family DNA-binding transcriptional regulator	TIGR01033	6
TIGR01212	TIGR01212 family radical SAM protein	TIGR01212	10
TIGR02328	TIGR02328 family protein	TIGR02328	7
TIGR03766	conserved hypothetical integral membrane protein	TIGR03766	4
TRX_reduct	thioredoxin-disulfide reductase	TIGR01292	17
TTC	tartrate dehydrogenase	TIGR02089	2
TruB	tRNA pseudouridine(55) synthase TruB	TIGR00431	3
TypA_BipA	translational GTPase TypA	TIGR01394	50
Vat_ABCDEFH	Vat family streptogramin A O-acetyltransferase		2
WcaJ_sugtrans	undecaprenyl-phosphate glucose phosphotransferase	TIGR03023	1
XylB	xylulokinase	TIGR01312	7
Y_phosphoryl	pyrimidine-nucleoside phosphorylase	TIGR02644	10
YaaA_near_RecF	S4 domain-containing protein YaaA	TIGR02988	2
YbaK_EbsC	Cys-tRNA(Pro) deacylase	TIGR00011	3
YiiL_rotase	L-rhamnose mutarotase	TIGR02625	5
YloV	DAK2 domain fusion protein YloV	TIGR03599	18
accD	acetyl-CoA carboxylase, carboxyltransferase subunit beta	TIGR00515	28
ackA	acetate/propionate family kinase	TIGR00016	11
acolac_catab	acetolactate synthase AlsS	TIGR02418	3
addA_Gpos	helicase-exonuclease AddAB subunit AddA	TIGR02785	35
addA_alphas	double-strand break repair helicase AddA	TIGR02784	2
addB_Gpos	helicase-exonuclease AddAB subunit AddB	TIGR02773	2
addB_alphas	double-strand break repair protein AddB	TIGR02786	2
adh_fam_1	zinc-binding alcohol dehydrogenase family protein	TIGR02817	7
agaS_fam	putative sugar isomerase, AgaS family	TIGR02815	12
ahcY	adenosylhomocysteinase	TIGR00936	6
alaS	alanine--tRNA ligase	TIGR00344	35
alr	alanine racemase	TIGR00492	2
aman2_put	GH92 family glycosyl hydrolase	TIGR01180	3
antiport_TyrP	tyrosine-tyramine antiporter		50
antiport_nhaC	Na+/H+ antiporter NhaC	TIGR00931	4
araD	L-ribulose-5-phosphate 4-epimerase	TIGR00760	9
arcA	arginine deiminase	TIGR01078	14
arcC	carbamate kinase	TIGR00746	15
argB	acetylglutamate kinase	TIGR00761	2
argC_other	N-acetyl-gamma-glutamyl-phosphate reductase	TIGR01851	2
argH	argininosuccinate lyase	TIGR00838	1
argS	arginine--tRNA ligase	TIGR00456	1
aroB	3-dehydroquinate synthase	TIGR01357	25
aroD	type I 3-dehydroquinate dehydratase	TIGR01093	2
asnASE_II	type II asparaginase	TIGR00520	1
aspS_bact	aspartate--tRNA ligase	TIGR00459	6
asp_4_decarbox	aspartate 4-decarboxylase	TIGR03801	17
atpA	F0F1 ATP synthase subunit alpha	TIGR00962	73
atpD	F0F1 ATP synthase subunit beta	TIGR01039	93
bPGM	beta-phosphoglucomutase	TIGR01990	21
bac_cardiolipin	cardiolipin synthase	TIGR04265	5
bifunc_MprF	bifunctional lysylphosphatidylglycerol flippase/synthetase MprF		32
cas1_DVULG	type I-C CRISPR-associated endonuclease Cas1c	TIGR03640	25
cas_Cas5d	type I-C CRISPR-associated protein Cas5c	TIGR01876	7
cas_Csd2	type I-C CRISPR-associated protein Cas7/Csd2	TIGR02589	11
ccpA	catabolite control protein A	TIGR01481	22
ccs	citrate:cation symporter	TIGR00783	9
cello_pts_IIC	PTS cellobiose transporter subunit IIC	TIGR00359	17
chaperone_ClpB	ATP-dependent chaperone ClpB	TIGR03346	270
chloram_CatB	type B chloramphenicol O-acetyltransferase		1
citD	citrate lyase acyl carrier protein	TIGR01608	3
citE	citrate (pro-3S)-lyase subunit beta	TIGR01588	61
citF	citrate lyase subunit alpha	TIGR01584	93
cit_synth_I	citrate synthase	TIGR01798	2
citrate_citG	triphosphoribosyl-dephospho-CoA synthase CitG	TIGR03125	6
clpP	ATP-dependent Clp endopeptidase proteolytic subunit ClpP	TIGR00493	6
clpX	ATP-dependent protease ATP-binding subunit ClpX	TIGR00382	15
cmk	(d)CMP kinase	TIGR00017	14
coaB_strep	phosphopantothenate--cysteine ligase	TIGR02114	5
coaC_strep	phosphopantothenoylcysteine decarboxylase	TIGR02113	16
coaD_prev_kdtB	pantetheine-phosphate adenylyltransferase	TIGR01510	7
codY_Gpos	GTP-sensing pleiotropic transcriptional regulator CodY	TIGR02787	13
comE	comEA protein	TIGR01259	2
copper_res_A	copper resistance system multicopper oxidase	TIGR01480	7
cyclopro_CfaB	C17 cyclopropane fatty acid synthase CfaB		1
cysKM	cysteine synthase	TIGR01136	1
cysS	cysteine--tRNA ligase	TIGR00435	36
cyt_deam_tetra	cytidine deaminase	TIGR01354	1
cyt_nit_nrfE	heme lyase NrfEFG subunit NrfE	TIGR03145	4
cztS_silS_copS	heavy metal sensor histidine kinase	TIGR01386	2
dTDP_gluc_dehyt	dTDP-glucose 4,6-dehydratase	TIGR01181	25
dapD	2,3,4,5-tetrahydropyridine-2,6-dicarboxylate N-succinyltransferase	TIGR00965	7
degP_htrA_DO	Do family serine endopeptidase	TIGR02037	8
deoB	phosphopentomutase	TIGR01696	12
dinG_rel	putative DnaQ family exonuclease/DinG family helicase	TIGR01407	20
dipep_PepQ_Arch	Xaa-Pro dipeptidase PepQ		9
dipeptidase	dipeptidase PepV	TIGR01886	47
dipeptidaselike	Sapep family Mn(2+)-dependent dipeptidase	TIGR01887	20
dnaG	DNA primase	TIGR01391	12
dnlj	NAD-dependent DNA ligase LigA	TIGR00575	7
drrA	daunorubicin resistance ABC transporter, ATP-binding protein	TIGR01188	5
dxs	1-deoxy-D-xylulose-5-phosphate synthase	TIGR00204	4
ectoine_ehuA	ectoine/hydroxyectoine ABC transporter ATP-binding protein EhuA	TIGR03005	18
edd	phosphogluconate dehydratase	TIGR01196	2
endo_SpGH101	SpGH101 family endo-alpha-N-acetylgalactosaminidase		5
eno	phosphopyruvate hydratase	TIGR01060	61
eps_fam	polysaccharide biosynthesis tyrosine autokinase	TIGR01007	2
era	GTPase Era	TIGR00436	2
f2_encap_cargo1	family 2A encapsulin nanocompartment cargo protein cysteine desulfurase		7
fabF	beta-ketoacyl-ACP synthase II	TIGR03150	54
fabZ	3-hydroxyacyl-ACP dehydratase FabZ	TIGR01750	7
feoB	ferrous iron transport protein B	TIGR00437	19
ffh	signal recognition particle protein	TIGR00959	41
fibro_bind_EfbA	fibronectin-binding protein EfbA		75
flavo_cyto_c	flavocytochrome c	TIGR01813	2
fmt	methionyl-tRNA formyltransferase	TIGR00460	16
fnt	formate/nitrite family transporter	TIGR00790	2
folC	bifunctional protein FolC	TIGR01499	16
fpg	DNA-formamidopyrimidine glycosylase	TIGR00577	3
frr	ribosome recycling factor	TIGR00496	17
ftsW	putative lipid II flippase FtsW	TIGR02614	9
ftsY	signal recognition particle-docking protein FtsY	TIGR00064	41
ftsZ	cell division protein FtsZ	TIGR00065	41
galE	UDP-glucose 4-epimerase GalE	TIGR01179	18
galM_Leloir	galactose-1-epimerase	TIGR02636	1
galT_2	UDP-glucose--hexose-1-phosphate uridylyltransferase	TIGR01239	5
galU	UTP--glucose-1-phosphate uridylyltransferase GalU	TIGR01099	9
galliderm_ABC	lantibiotic protection ABC transporter ATP-binding subunit	TIGR03740	1
gatA	Asp-tRNA(Asn)/Glu-tRNA(Gln) amidotransferase subunit GatA	TIGR00132	38
gidA	tRNA uridine-5-carboxymethylaminomethyl(34) synthesis enzyme MnmG	TIGR00136	72
gid_trmFO	FADH(2)-oxidizing methylenetetrahydrofolate--tRNA-(uracil(54)-C(5))-methyltransferase TrmFO	TIGR00137	27
glgD	glucose-1-phosphate adenylyltransferase subunit GlgD	TIGR02092	6
glmM	phosphoglucosamine mutase	TIGR01455	44
gltX_bact	glutamate--tRNA ligase	TIGR00464	38
glu_aminopep	glutamyl aminopeptidase	TIGR03107	53
glu_cys_lig_rel	bifunctional glutamate--cysteine ligase/glutathione synthetase	TIGR01435	14
gluta_reduc_2	glutathione-disulfide reductase	TIGR01424	1
glyQ	glycine--tRNA ligase subunit alpha	TIGR00388	27
glyS	glycine--tRNA ligase subunit beta	TIGR00211	28
gnd	decarboxylating NADP(+)-dependent phosphogluconate dehydrogenase	TIGR00873	12
gntK_FGGY	gluconokinase	TIGR01314	47
gph	glycoside-pentoside-hexuronide (GPH):cation symporter	TIGR00792	2
guaA_Cterm	glutamine-hydrolyzing GMP synthase	TIGR00884	12
guaA_Nterm	glutamine-hydrolyzing GMP synthase	TIGR00888	4
guanyl_kin	guanylate kinase	TIGR03263	6
gyrA	DNA topoisomerase (ATP-hydrolyzing) subunit A	TIGR01063	12
hemC	hydroxymethylbilane synthase	TIGR00212	1
hemN_rel	radical SAM family heme chaperone HemW	TIGR00539	1
heterocyst_DevA	ABC exporter ATP-binding subunit, DevA family	TIGR02982	17
hisS	histidine--tRNA ligase	TIGR00442	21
his_9_HisN	histidinol-phosphatase	TIGR02067	2
his_kin_PieS	two component system sensor histidine kinase PieS		11
hpr-ser	HPr(Ser) kinase/phosphatase	TIGR00679	13
hrcA	heat-inducible transcriptional repressor HrcA	TIGR00331	4
hslU	HslU--HslV peptidase ATPase subunit	TIGR00390	9
ileS	isoleucine--tRNA ligase	TIGR00392	20
indolpyr_decarb	indolepyruvate decarboxylase	TIGR03393	10
infA	translation initiation factor IF-1	TIGR00008	13
infC	translation initiation factor IF-3	TIGR00168	9
int_mem_ywzB	DUF1146 family protein	TIGR02327	3
integ_TIGR01906	TIGR01906 family membrane protein	TIGR01906	1
ksgA	16S rRNA (adenine(1518)-N(6)/adenine(1519)-N(6))-dimethyltransferase RsmA	TIGR00755	8
lacA	galactose-6-phosphate isomerase subunit LacA	TIGR01118	8
lacB	galactose-6-phosphate isomerase subunit LacB	TIGR01119	8
lacC	tagatose-6-phosphate kinase	TIGR01231	5
lacE	PTS system, lactose/cellobiose family IIC component	TIGR00410	17
lac_pts_IIC	lactose-specific PTS transporter subunit EIIC	TIGR00394	33
lactal_redase	lactaldehyde reductase	TIGR02638	7
lanthi_synth_III	class III lanthionine synthetase LanKC		6
lepA	translation elongation factor 4	TIGR01393	111
leuB	3-isopropylmalate dehydrogenase	TIGR00169	5
leuS_bact	leucine--tRNA ligase	TIGR00396	80
lexA	transcriptional repressor LexA	TIGR00498	4
lipoamide_DH	dihydrolipoyl dehydrogenase	TIGR01350	2
lipoyltrans	lipoate--protein ligase	TIGR00545	18
livcs	branched-chain amino acid transport system II carrier protein	TIGR00796	16
lolCE	lipoprotein-releasing ABC transporter permease subunit	TIGR02212	1
lysS_bact	lysine--tRNA ligase	TIGR00499	27
lysidine_TilS_N	tRNA lysidine(34) synthetase TilS	TIGR02432	1
malolactic	malolactic enzyme		2
mdcA	malonate decarboxylase subunit alpha	TIGR01110	2
metG_C_term	methionine--tRNA ligase subunit beta	TIGR00399	3
metK	methionine adenosyltransferase	TIGR01034	32
metW	methionine biosynthesis protein MetW	TIGR02081	1
met_syn_B12ind	5-methyltetrahydropteroyltriglutamate--homocysteine S-methyltransferase	TIGR01371	2
mevDPdecarb	diphosphomevalonate decarboxylase	TIGR01240	9
mevalon_kin	mevalonate kinase	TIGR00549	4
mfd	transcription-repair coupling factor	TIGR00580	96
miaA	tRNA (adenosine(37)-N6)-dimethylallyltransferase MiaA	TIGR00174	7
mnmE_trmE_thdF	tRNA uridine-5-carboxymethylaminomethyl(34) synthesis GTPase MnmE	TIGR00450	33
mraY	phospho-N-acetylmuramoyl-pentapeptide-transferase	TIGR00445	11
msrA	peptide-methionine (S)-S-oxide reductase MsrA	TIGR00401	6
murA	UDP-N-acetylglucosamine 1-carboxyvinyltransferase	TIGR01072	4
murC	UDP-N-acetylmuramate--L-alanine ligase	TIGR01082	7
murF	UDP-N-acetylmuramoyl-tripeptide--D-alanyl-D-alanine ligase	TIGR01143	11
mutS1	DNA mismatch repair protein MutS	TIGR01070	50
mutS2	endonuclease MutS2	TIGR01069	1
mutY	A/G-specific adenine glycosylase	TIGR01084	8
mutl	DNA mismatch repair endonuclease MutL	TIGR00585	25
nadC	carboxylating nicotinate-nucleotide diphosphorylase	TIGR00078	21
narH	nitrate reductase subunit beta	TIGR01660	2
nifR3_yhdG	tRNA dihydrouridine synthase DusB	TIGR00737	25
nside_bi_sphtase	3',5'-nucleoside bisphosphate phosphatase		2
nth	endonuclease III	TIGR01083	10
nucleoid_noc	nucleoid occlusion protein	TIGR04285	12
nupC	NupC/NupG family nucleoside CNT transporter	TIGR00804	5
nusB	transcription antitermination factor NusB	TIGR01951	4
nusG	transcription termination/antitermination protein NusG	TIGR00922	1
ogt	methylated-DNA--[protein]-cysteine S-methyltransferase	TIGR00589	3
organ_hyd_perox	Ohr family peroxiredoxin	TIGR03561	5
orni_carb_tr	ornithine carbamoyltransferase	TIGR00658	6
outer_NodT	efflux transporter outer membrane subunit	TIGR01845	2
oxido_YhdH	acryloyl-CoA reductase	TIGR02823	11
panK_bact	type I pantothenate kinase	TIGR00554	35
parC_Gpos	DNA topoisomerase IV subunit A	TIGR01061	43
parE_Gpos	DNA topoisomerase IV subunit B	TIGR01058	57
pbp2_mrdA	penicillin-binding protein 2	TIGR03423	2
pbuX	xanthine permease	TIGR03173	19
pcrA	DNA helicase PcrA	TIGR01073	67
pepF	oligoendopeptidase F	TIGR00181	16
pept_deformyl	peptide deformylase	TIGR00079	1
peptidase-T	peptidase T	TIGR01882	32
pgsA	CDP-diacylglycerol--glycerol-3-phosphate 3-phosphatidyltransferase	TIGR00560	4
pheS	phenylalanine--tRNA ligase subunit alpha	TIGR00468	18
pheT_bact	phenylalanine--tRNA ligase subunit beta	TIGR00472	8
phoU_full	phosphate signaling complex protein PhoU	TIGR02135	6
phosphate_pstC	phosphate ABC transporter permease subunit PstC	TIGR02138	18
pip_yhgE_Cterm	YhgE/Pip family protein	TIGR03062	16
pip_yhgE_Nterm	YhgE/Pip family protein	TIGR03061	11
plsX	phosphate acyltransferase PlsX	TIGR00182	5
pola	DNA polymerase I	TIGR00593	33
polc	DNA polymerase III subunit alpha	TIGR00594	5
polynuc_phos	polyribonucleotide nucleotidyltransferase	TIGR03591	52
portal_SPP1	phage portal protein	TIGR01538	15
potA	polyamine ABC transporter ATP-binding protein	TIGR01187	6
prc	C-terminal processing peptidase	TIGR00225	4
prfA	peptide chain release factor 1	TIGR00019	12
prfB	peptide chain release factor 2	TIGR00020	54
prmA	50S ribosomal protein L11 methyltransferase	TIGR00406	12
proC	pyrroline-5-carboxylate reductase	TIGR00112	3
proS_fam_II	proline--tRNA ligase	TIGR00409	7
proV	betaine/proline/choline family ABC transporter ATP-binding protein	TIGR01186	30
prok_dnaK	molecular chaperone DnaK	TIGR02350	30
propeller_TolB	Tol-Pal system beta propeller repeat protein TolB	TIGR02800	1
pth	aminoacyl-tRNA hydrolase	TIGR00447	5
ptsS_2	phosphate ABC transporter substrate-binding protein PstS family protein	TIGR02136	2
purA	adenylosuccinate synthase	TIGR00184	4
purB	adenylosuccinate lyase	TIGR00928	26
purD	phosphoribosylamine--glycine ligase	TIGR00877	10
purE	5-(carboxyamino)imidazole ribonucleotide mutase	TIGR01162	5
purF	amidophosphoribosyltransferase	TIGR01134	12
purH	bifunctional phosphoribosylaminoimidazolecarboxamide formyltransferase/IMP cyclohydrolase	TIGR00355	1
purM	phosphoribosylformylglycinamidine cyclo-ligase	TIGR00878	17
purR_Bsub	pur operon repressor	TIGR01743	42
pyrH_bact	UMP kinase	TIGR02075	9
pyr_form_ly_1	formate C-acetyltransferase	TIGR01255	66
pyruv_ox_red	pyruvate:ferredoxin (flavodoxin) oxidoreductase	TIGR02176	123
pyruv_oxi_spxB	pyruvate oxidase	TIGR02720	26
queE_Cx14CxxC	7-carboxy-7-deazaguanine synthase	TIGR04508	2
rRNA_methyl_3	23S rRNA (guanosine(2251)-2'-O)-methyltransferase RlmB	TIGR00186	2
rad_fix_GrcA3	autonomous glycyl radical cofactor GrcA3		5
radc	DNA repair protein RadC	TIGR00608	1
recD_rel	ATP-dependent RecD-like DNA helicase	TIGR01448	11
recJ	single-stranded-DNA-specific exonuclease RecJ	TIGR00644	14
recN	DNA repair protein RecN	TIGR00634	17
recQ	DNA helicase RecQ	TIGR01389	33
recR	recombination mediator RecR	TIGR00615	13
recomb_XerC	tyrosine recombinase XerC	TIGR02224	12
recomb_XerD	site-specific tyrosine recombinase XerD	TIGR02225	13
resp_regPieR	two component system response regulator PieR		14
resp_reg_YycF	response regulator YycF		44
rfaE_dom_I	D-glycero-beta-D-manno-heptose-7-phosphate kinase	TIGR02198	1
rfaE_dom_II	D-glycero-beta-D-manno-heptose 1-phosphate adenylyltransferase	TIGR02199	1
rhaA	L-rhamnose isomerase	TIGR01748	89
rhamnosid_Stmyc	alpha-L-rhamnosidase		2
rhamnu_1P_ald	rhamnulose-1-phosphate aldolase	TIGR02624	39
rhamnulo_kin	rhamnulokinase	TIGR02627	5
rho	transcription termination factor Rho	TIGR00767	31
ribo_prot_ABC_F	ABC-F type ribosomal protection protein		11
rluA_subfam	RluA family pseudouridine synthase	TIGR00005	11
rmlA	glucose-1-phosphate thymidylyltransferase RfbA	TIGR01207	33
rmlC	dTDP-4-dehydrorhamnose 3,5-epimerase	TIGR01221	7
rmlD	dTDP-4-dehydrorhamnose reductase	TIGR01214	4
rodA_shape	rod shape-determining protein RodA	TIGR02210	2
rpe	ribulose-phosphate 3-epimerase	TIGR01163	9
rpiA	ribose 5-phosphate isomerase A	TIGR00021	3
rplA_bact	50S ribosomal protein L1	TIGR01169	31
rplB_bact	50S ribosomal protein L2	TIGR01171	50
rplD_bact	50S ribosomal protein L4	TIGR03953	11
rplM_bact	50S ribosomal protein L13	TIGR01066	8
rplN_bact	50S ribosomal protein L14	TIGR01067	10
rplO_bact	50S ribosomal protein L15	TIGR01071	13
rplP_bact	50S ribosomal protein L16	TIGR01164	18
rplS_bact	50S ribosomal protein L19	TIGR01024	12
rplV_bact	50S ribosomal protein L22	TIGR01044	26
rpmD_bact	50S ribosomal protein L30	TIGR01308	2
rpmF_bact	50S ribosomal protein L32	TIGR01031	8
rpoB	DNA-directed RNA polymerase subunit beta	TIGR02013	150
rpoC_TIGR	DNA-directed RNA polymerase subunit beta'	TIGR02386	97
rpoN_sigma	RNA polymerase factor sigma-54	TIGR02395	11
rpsB_bact	30S ribosomal protein S2	TIGR01011	26
rpsC_bact	30S ribosomal protein S3	TIGR01009	21
rpsE_bact	30S ribosomal protein S5	TIGR01021	15
rpsG_bact	30S ribosomal protein S7	TIGR01029	28
rpsL_bact	30S ribosomal protein S12	TIGR00981	24
rpsS_bact	30S ribosomal protein S19	TIGR01050	19
rsfS_iojap_ybeB	ribosome silencing factor	TIGR00090	6
rsmG_gidB	16S rRNA (guanine(527)-N(7))-methyltransferase RsmG	TIGR00138	2
rumA	23S rRNA (uracil(1939)-C(5))-methyltransferase RlmD	TIGR00479	10
ruvB	Holliday junction branch migration DNA helicase RuvB	TIGR00635	3
sbcc	exonuclease subunit SbcC	TIGR00618	4
sbcd	exonuclease subunit SbcD	TIGR00619	3
sda_alpha	L-serine ammonia-lyase, iron-sulfur-dependent, subunit alpha	TIGR00718	57
sda_beta	L-serine ammonia-lyase, iron-sulfur-dependent subunit beta	TIGR00719	16
secA	preprotein translocase subunit SecA	TIGR00963	16
secE_bact	preprotein translocase subunit SecE	TIGR00964	2
serS	serine--tRNA ligase	TIGR00414	110
sigpep_I_bact	signal peptidase I	TIGR02227	3
sms	DNA repair protein RadA	TIGR00416	52
spoT_relA	RelA/SpoT family protein	TIGR00691	56
strep_PBP1A	penicillin-binding protein PBP1A		28
strep_PBP1B	penicillin-binding protein PBP1B		33
strep_PBP2A	penicillin-binding protein PBP2A		28
strep_PBP2B	penicillin-binding protein PBP2B		12
strep_PBP2X	penicillin-binding protein PBP2X		2
sufB	Fe-S cluster assembly protein SufB	TIGR01980	48
sufC	Fe-S cluster assembly ATPase SufC	TIGR01978	26
sufD	Fe-S cluster assembly protein SufD	TIGR01981	16
sufS	SufS family cysteine desulfurase	TIGR01979	34
tRNA_yibK_trmL	tRNA (uridine(34)/cytosine(34)/5-carboxymethylaminomethyluridine(34)-2'-O)-methyltransferase TrmL	TIGR00185	4
terminal_TopJ	terminal organelle assembly protein TopJ		3
tet_MFS_Y	tetracycline efflux MFS transporter Tet(Y)		2
tgt_general	tRNA-guanine transglycosylase	TIGR00449	2
thiE	thiamine phosphate synthase	TIGR00693	3
thioredoxin	thioredoxin	TIGR01068	1
thrS	threonine--tRNA ligase	TIGR00418	34
thyX	FAD-dependent thymidylate synthase	TIGR02170	2
thym_sym	thymidylate synthase	TIGR03284	39
tig	trigger factor	TIGR00115	10
tigrfam_recA	recombinase RecA	TIGR02012	57
tktlase_bact	transketolase	TIGR00232	51
tly	TlyA family rRNA (cytidine-2'-O)-methyltransferase	TIGR00478	2
tolQ	protein TolQ	TIGR02796	2
topA_bact	type I DNA topoisomerase	TIGR01051	22
treS_nterm	maltose alpha-D-glucosyltransferase	TIGR02456	3
trehalose_treC	alpha,alpha-phosphotrehalase	TIGR02403	13
trifunc_aldol	KHG/KDPG aldolase/sugar kinase fusion protein		2
trim_sens_DfrEf	trimethoprim-sensitive dihydrofolate reductase		9
trmD	tRNA (guanosine(37)-N1)-methyltransferase TrmD	TIGR00088	6
trmU	tRNA 2-thiouridine(34) synthase MnmA	TIGR00420	3
trpB	tryptophan synthase subunit beta	TIGR00263	9
trpS	tryptophan--tRNA ligase	TIGR00233	2
tsf	translation elongation factor Ts	TIGR00116	4
type_I_sec_HlyB	type I secretion system permease/ATPase	TIGR01846	2
tyrS	tyrosine--tRNA ligase	TIGR00234	9
tyr_de_CO2_Ent	tyrosine decarboxylase	TIGR03811	98
tyr_nico_aTase	tyrosine/nicotianamine family aminotransferase	TIGR01265	1
uS13_bact	30S ribosomal protein S13	TIGR03631	18
udk	uridine kinase	TIGR00235	4
ureG	urease accessory protein UreG	TIGR00101	1
uvrC	excinuclease ABC subunit UvrC	TIGR00194	14
uvra	excinuclease ABC subunit UvrA	TIGR00630	10
uvrb	excinuclease ABC subunit UvrB	TIGR00631	33
valS	valine--tRNA ligase	TIGR00422	26
vanR-C	VanC-type vancomycin resistance DNA-binding response regulator VanR		1
vanR_ACDEGLN	VanR-ABDEGLN family response regulator transcription factor		33
vanR_FM	VanR-FM family response regulator transcription factor		1
wall_bind_EntC	cell wall-binding protein EntC		1
wecB	UDP-N-acetylglucosamine 2-epimerase (non-hydrolyzing)	TIGR00236	16
xseA	exodeoxyribonuclease VII large subunit	TIGR00237	17
xth	exodeoxyribonuclease III	TIGR00633	1
xylose_isom_A	xylose isomerase	TIGR02630	50
yidC_oxa1_cterm	membrane protein insertase YidC	TIGR03592	4
yjdL_sub1_fam	oligopeptide:H+ symporter	TIGR00924	6
zwf	glucose-6-phosphate dehydrogenase	TIGR00871	12
