module_accession	pathway_name	pathway_class	matching_ko	missing_ko	BCMy_011_trim_nohost	BCMy_021_trim_nohost	BCMy_031_trim_nohost	BCMy_041_trim_nohost	BCMy_071_trim_nohost	BCMy_081_trim_nohost	BCMy_091_trim_nohost	BCMy_121_trim_nohost	BCMy_131_trim_nohost	BCMy_151_trim_nohost	BCMy_181_trim_nohost	BCMy_211_trim_nohost
M00002	Glycolysis, core module involving three-carbon compounds	Pathway modules; Carbohydrate metabolism; Central carbohydrate metabolism	K00134,K00873,K00927,K01689,K01803,K01834	K01689	100	100	100	100	80	60	80	70	100	100	30	100
M00004	Pentose phosphate pathway (Pentose phosphate cycle)	Pathway modules; Carbohydrate metabolism; Central carbohydrate metabolism	K00033,K00036,K00615,K00616,K01057,K01783,K01807,K01810	K00616,K01807,K01810	100	100	100	100	66.67	41.67	58.33	91.67	100	100	33.33	100
M00007	Pentose phosphate pathway, non-oxidative phase, fructose 6P => ribose 5P	Pathway modules; Carbohydrate metabolism; Central carbohydrate metabolism	K00615,K00616,K01783,K01807	K00616,K01807	100	100	100	100	50	50	100	100	100	100	25	100
M00061	D-Glucuronate degradation, D-glucuronate => pyruvate + D-glyceraldehyde 3P	Pathway modules; Carbohydrate metabolism; Other carbohydrate metabolism	K00040,K00874,K01625,K01686,K01812	K00040,K01625,K01686,K01812	100	100	100	100	20	40	40	80	100	100	20	100
M00307	Pyruvate oxidation, pyruvate => acetyl-CoA	Pathway modules; Carbohydrate metabolism; Central carbohydrate metabolism	K03737	K00169,K00171,K00172	100	100	100	100	100	25	100	100	100	100	100	100
M00909	UDP-N-acetyl-D-glucosamine biosynthesis, prokaryotes, glucose => UDP-GlcNAc	Pathway modules; Carbohydrate metabolism; Other carbohydrate metabolism	K00820,K00845,K01810,K03431,K04042	K00845,K01810	100	100	100	100	60	40	60	100	100	100	20	100
M00051	De novo pyrimidine biosynthesis, glutamine (+ PRPP) => UMP	Pathway modules; Nucleotide metabolism; Pyrimidine metabolism	K00609,K00762,K01465,K01591,K01955,K01956,K17828	K00610	94.44	94.44	94.44	94.44	61.11	83.33	66.67	61.11	94.44	94.44	50	100
M00003	Gluconeogenesis, oxaloacetate => fructose-6P	Pathway modules; Carbohydrate metabolism; Central carbohydrate metabolism	K00134,K00927,K01610,K01689,K01803,K01834,K03841	K01623	92.86	85.71	85.71	85.71	64.29	28.57	78.57	64.29	78.57	85.71	35.71	85.71
M00001	Glycolysis (Embden-Meyerhof pathway), glucose => pyruvate	Pathway modules; Carbohydrate metabolism; Central carbohydrate metabolism	K00134,K00845,K00850,K00873,K00927,K01689,K01803,K01810,K01834	K01623	88.89	100	100	100	44.44	55.56	66.67	83.33	100	100	50	100
M00526	Lysine biosynthesis, DAP dehydrogenase pathway, aspartate => lysine	Pathway modules; Amino acid metabolism; Lysine metabolism	K00133,K00215,K00928,K01586,K01714	K03340	83.33	83.33	50	83.33	50	16.67	33.33	66.67	16.67	66.67	16.67	66.67
M00016	Lysine biosynthesis, succinyl-DAP pathway, aspartate => lysine	Pathway modules; Amino acid metabolism; Lysine metabolism	K00133,K00215,K00821,K00928,K01439,K01586,K01714	K00674,K01778	77.78	100	55.56	100	55.56	22.22	33.33	66.67	55.56	88.89	33.33	88.89
M00525	Lysine biosynthesis, acetyl-DAP pathway, aspartate => lysine	Pathway modules; Amino acid metabolism; Lysine metabolism	K00133,K00215,K00841,K00928,K01586,K01714,K05823	K01778,K05822	77.78	88.89	44.44	66.67	44.44	33.33	33.33	44.44	22.22	55.56	33.33	55.56
M00049	Adenine ribonucleotide biosynthesis, IMP => ADP,ATP	Pathway modules; Nucleotide metabolism; Purine metabolism	K00939,K01756,K01939	K00940	75	100	75	100	50	25	25	50	75	100	25	75
M00083	Fatty acid biosynthesis, elongation	Pathway modules; Lipid metabolism; Fatty acid metabolism	K00059,K02371,K09458	K02372	75	100	100	100	100	100	50	100	100	100	25	100
M00157	F-type ATPase, prokaryotes and chloroplasts	Pathway modules; Energy metabolism; ATP synthesis	K02108,K02109,K02110,K02112,K02113,K02114	K02111,K02115	75	100	100	100	50	37.5	37.5	75	100	100	37.5	100
M00308	Semi-phosphorylative Entner-Doudoroff pathway, gluconate => glycerate-3P	Pathway modules; Carbohydrate metabolism; Central carbohydrate metabolism	K00134,K00874,K00927,K01625	K05308	75	75	75	75	50	25	50	37.5	75	75	12.5	75
M00527	Lysine biosynthesis, DAP aminotransferase pathway, aspartate => lysine	Pathway modules; Amino acid metabolism; Lysine metabolism	K00133,K00215,K00928,K01586,K01714	K01778,K10206	71.43	100	57.14	100	42.86	28.57	42.86	71.43	42.86	85.71	28.57	85.71
M00549	Nucleotide sugar biosynthesis, glucose => UDP-glucose	Pathway modules; Carbohydrate metabolism; Other carbohydrate metabolism	K00845,K01835	K00963	66.67	100	100	100	33.33	33.33	66.67	66.67	100	100	33.33	100
M00793	dTDP-L-rhamnose biosynthesis	Pathway modules; Biosynthesis of terpenoids and polyketides; Polyketide sugar unit biosynthesis	K00973,K01710	K23987	66.67	100	100	100	50	83.33	33.33	66.67	100	100	66.67	100
M00958	Adenine ribonucleotide degradation, AMP => Urate	Pathway modules; Nucleotide metabolism; Purine metabolism	K01081,K05810	K00106	66.67	66.67	66.67	66.67	16.67	33.33	16.67	50	66.67	66.67	33.33	77.78
M00165	Reductive pentose phosphate cycle (Calvin cycle)	Pathway modules; Energy metabolism; Carbon fixation	K00134,K00615,K00927,K01783,K01803,K01807,K03841	K00855,K01100,K01601,K01623	63.64	81.82	90.91	81.82	54.55	27.27	63.64	54.55	72.73	81.82	18.18	81.82
M00048	De novo purine biosynthesis, PRPP + glutamine => IMP	Pathway modules; Nucleotide metabolism; Purine metabolism	K00764,K01756,K01933,K01945,K01952	K00601,K00602,K01923	62.5	100	100	100	25	50	50	93.75	100	100	78.12	100
M00938	Pyrimidine deoxyribonucleotide biosynthesis, UDP => dTTP	Pathway modules; Nucleotide metabolism; Pyrimidine metabolism	K00525,K00526,K00560,K01520	K00940,K00943	60	100	80	100	20	60	40	70	80	100	20	80
M00017	Methionine biosynthesis, aspartate => homoserine => methionine	Pathway modules; Amino acid metabolism; Cysteine and methionine metabolism	K00133,K00549,K00928,K14155	K00003,K00651,K01739	57.14	100	57.14	100	71.43	57.14	42.86	71.43	71.43	100	14.29	85.71
M00034	Methionine salvage pathway	Pathway modules; Amino acid metabolism; Cysteine and methionine metabolism	K00772,K00789,K00797,K00832	K01611,K08963,K08967,K16054	50	62.5	37.5	62.5	25	31.25	12.5	31.25	37.5	62.5	37.5	50
M00035	Methionine degradation	Pathway modules; Amino acid metabolism; Cysteine and methionine metabolism	K00789,K01251	K00552,K01697	50	100	50	100	25	25	75	75	50	100	50	75
M00050	Guanine ribonucleotide biosynthesis, IMP => GDP,GTP	Pathway modules; Nucleotide metabolism; Purine metabolism	K00088,K01951	K00940,K00942	50	100	75	100	25	25	50	25	75	100	50	75
M00082	Fatty acid biosynthesis, initiation	Pathway modules; Lipid metabolism; Fatty acid metabolism	K00648,K01962,K01963	K00645,K01961,K02160	50	100	100	100	87.5	25	75	87.5	100	100	50	100
M00892	UDP-N-acetyl-D-glucosamine biosynthesis, eukaryotes, glucose => UDP-GlcNAc	Pathway modules; Carbohydrate metabolism; Other carbohydrate metabolism	K00820,K00845,K01810	K00621,K00972,K01836	50	50	50	50	16.67	16.67	33.33	50	50	50	16.67	50
M00978	Ornithine-ammonia cycle	Pathway modules; Amino acid metabolism; Arginine and proline metabolism	K01915,K01940,K01955,K01956	K00611,K01755,K27542	50	83.33	50	83.33	50	41.67	66.67	83.33	50	83.33	33.33	83.33
M00026	Histidine biosynthesis, PRPP => histidine	Pathway modules; Amino acid metabolism; Histidine metabolism	K01496,K01523,K01814,K02500,K02502	K00013,K00765,K00817,K01089,K02501	41.67	100	33.33	100	50	25	55.56	30.56	55.56	91.67	16.67	100
M00018	Threonine biosynthesis, aspartate => homoserine => threonine	Pathway modules; Amino acid metabolism; Serine and threonine metabolism	K00133,K00928	K00003,K00872,K01733	40	100	20	100	80	60	20	100	80	100	20	60
M00029	Urea cycle	Pathway modules; Amino acid metabolism; Arginine and proline metabolism	K01476,K01940	K00611,K01755,K01948	40	60	20	60	40	60	40	80	20	60	20	80
M00173	Reductive citrate cycle (Arnon-Buchanan cycle)	Pathway modules; Energy metabolism; Carbon fixation	K00031,K00175,K00239,K01958,K03737	K00024,K00174,K00240,K01676,K01681,K01902,K01903,K15230,K15231	40	50	35	35	50	27.5	55	35	50	40	30	60
M00550	Ascorbate degradation, ascorbate => D-xylulose-5P	Pathway modules; Carbohydrate metabolism; Other carbohydrate metabolism	K02821,K02822,K03079,K03475	K03077,K03078,K03476	40	60	73.33	40	33.33	20	6.67	13.33	40	40	6.67	40
M00552	D-galactonate degradation, De Ley-Doudoroff pathway, D-galactonate => glycerate-3P	Pathway modules; Carbohydrate metabolism; Other carbohydrate metabolism	K00134,K00927	K00883,K01631,K01684	40	40	40	40	40	20	40	20	40	40	20	40
M00036	Leucine degradation, leucine => acetoacetate + acetyl-CoA	Pathway modules; Amino acid metabolism; Branched-chain amino acid metabolism	K00166,K00249,K00826	K00167,K00382,K01640,K01968,K01969,K05607,K09699	36.11	63.89	30.56	52.78	5.56	16.67	16.67	22.22	36.11	47.22	16.67	47.22
M00572	Pimeloyl-ACP biosynthesis, BioC-BioH pathway, malonyl-ACP => pimeloyl-ACP	Pathway modules; Metabolism of cofactors and vitamins; Cofactor and vitamin metabolism	K00059,K09458	K00208,K02169,K02170,K02372	33.33	100	100	100	33.33	66.67	16.67	66.67	66.67	100	16.67	100
M00844	Arginine biosynthesis, ornithine => arginine	Pathway modules; Amino acid metabolism; Arginine and proline metabolism	K01940	K00611,K01755	33.33	100	33.33	100	66.67	66.67	66.67	100	33.33	100	33.33	100
M00855	Glycogen degradation, glycogen => glucose-6P	Pathway modules; Carbohydrate metabolism; Other carbohydrate metabolism	K01835	K00688,K01196	33.33	66.67	66.67	66.67	100	50	33.33	66.67	83.33	66.67	66.67	83.33
M00014	Glucuronate pathway (uronate pathway)	Pathway modules; Carbohydrate metabolism; Other carbohydrate metabolism	K00008,K00854	K00002,K00012,K03331,K12447,K13247,K16190	28.57	42.86	28.57	42.86	14.29	28.57	21.43	28.57	28.57	28.57	14.29	28.57
M00914	Coenzyme A biosynthesis, archaea, 2-oxoisovalerate => 4-phosphopantoate => CoA	Pathway modules; Metabolism of cofactors and vitamins; Cofactor and vitamin metabolism	K00077,K13038	K00606,K02201,K06982,K09722,K09735	28.57	28.57	14.29	28.57	28.57	14.29	14.29	14.29	28.57	28.57	42.86	14.29
M00096	C5 isoprenoid biosynthesis, non-mevalonate pathway	Pathway modules; Biosynthesis of terpenoids and polyketides; Terpenoid backbone biosynthesis	K01662,K01823	K00099,K00919,K00991,K01770,K03526,K03527	25	100	50	100	50	50	25	37.5	75	100	25	100
M00344	Formaldehyde assimilation, xylulose monophosphate pathway	Pathway modules; Energy metabolism; Methane metabolism	K03841	K00863,K01624,K17100	25	25	25	25	25	25	25	25	25	25	25	25
M00725	Cationic antimicrobial peptide (CAMP) resistance, dltABCD operon	Signature modules; Gene set; Drug resistance	K03367,K03739,K03740	K14188,K19077,K19078	25	33.33	33.33	66.67	8.33	8.33	16.67	8.33	66.67	33.33	8.33	66.67
M00009	Citrate cycle (TCA cycle, Krebs cycle)	Pathway modules; Carbohydrate metabolism; Central carbohydrate metabolism	K00031,K00164,K00239,K00658	K00026,K00240,K00241,K00382,K01647,K01676,K01681,K01902,K01903	22.92	70.83	38.54	66.67	67.71	22.92	54.17	43.75	63.54	54.17	19.79	83.33
M00119	Pantothenate biosynthesis, valine/L-aspartate => pantothenate	Pathway modules; Metabolism of cofactors and vitamins; Cofactor and vitamin metabolism	K00077,K00826	K00606,K01579,K01918	22.22	55.56	11.11	55.56	11.11	22.22	11.11	11.11	22.22	55.56	22.22	44.44
M00121	Heme biosynthesis, plants and bacteria, glutamate => heme	Pathway modules; Metabolism of cofactors and vitamins; Cofactor and vitamin metabolism	K01749,K01885	K00228,K00230,K01599,K01698,K01719,K01772,K01845,K02492	20	80	30	80	30	20	10	30	30	70	10	60
M00357	Methanogenesis, acetate => methane	Pathway modules; Energy metabolism; Methane metabolism	K00625,K00925	K00193,K00194,K00197,K00399,K00401,K00402,K00577,K00578,K00579,K00580,K00581,K00584,K22480,K22481,K22482	20	20	20	20	10	26.67	20	33.33	20	20	20	26.67
M00957	Lysine degradation, bacteria, L-lysine => glutarate => succinate/acetyl-CoA	Pathway modules; Amino acid metabolism; Lysine metabolism	K00135	K00468,K01506,K14268,K15736,K15737	20	24	4	24	20	20	4	4	24	32	4	24
M00011	Citrate cycle, second carbon oxidation, 2-oxoglutarate => oxaloacetate	Pathway modules; Carbohydrate metabolism; Central carbohydrate metabolism	K00164,K00239,K00658	K00026,K00240,K00241,K00382,K01676,K01902,K01903	16.67	53.33	41.67	46.67	68.33	36.67	46.67	10	81.67	46.67	11.67	73.33
M00374	Dicarboxylate-hydroxybutyrate cycle	Pathway modules; Energy metabolism; Carbon fixation	K00239,K01595	K00024,K00169,K00170,K00171,K00172,K00240,K00626,K01007,K01677,K01678,K01902,K01903,K14465,K14467,K14534,K15016,K15038	11.54	25	7.69	15.38	23.08	9.62	28.85	7.69	25	15.38	11.54	26.92
M00376	3-Hydroxypropionate bi-cycle	Pathway modules; Energy metabolism; Carbon fixation	K00239,K01962,K01963	K00240,K00241,K01679,K01847,K01961,K02160,K05606,K08691,K09709,K14449,K14468,K14469,K14470,K14471,K14472,K15052	4.63	14.81	11.11	11.11	13.43	10.19	2.78	9.72	16.67	11.11	7.41	20.37
M00432	Leucine biosynthesis, 2-oxoisovalerate => 2-oxoisocaproate	Pathway modules; Amino acid metabolism; Branched-chain amino acid metabolism	K00052,K01649,K01703,K01704	K00052,K01649,K01703	0	100	16.67	100	50	33.33	33.33	33.33	33.33	100	33.33	100
M00975	Betaine degradation, bacteria, betaine => pyruvate	Pathway modules; Amino acid metabolism; Serine and threonine metabolism	K00600,K01752	K00301,K00309,K00479,K21832	0	50	50	53.12	50	25	25	25	50	50	28.12	50
M00854	Glycogen biosynthesis, glucose-1P => glycogen/starch	Pathway modules; Carbohydrate metabolism; Other carbohydrate metabolism	K00963,K16150	K00975	0	100	100	100	75	50	25	100	100	100	75	100
M00565	Trehalose biosynthesis, D-glucose 1P => trehalose	Pathway modules; Carbohydrate metabolism; Other carbohydrate metabolism	K00703,K00975	K00700,K01214,K01236,K06044	0	33.33	50	50	33.33	33.33	16.67	50	50	33.33	33.33	33.33
M00169	CAM (Crassulacean acid metabolism), light	Pathway modules; Energy metabolism; Carbon fixation	K00029	K01006	50	50	0	50	50	50	50	50	50	50	50	50
M00172	C4-dicarboxylic acid cycle, NADP - malic enzyme type	Pathway modules; Energy metabolism; Carbon fixation	K00029,K01595	K00051,K01006	50	50	0	50	50	50	25	25	25	50	25	50
M00033	Ectoine biosynthesis, aspartate => ectoine	Pathway modules; Amino acid metabolism; Serine and threonine metabolism	K00133,K00928	K00836,K06718,K06720	40	40	0	40	40	20	20	40	20	40	20	20
M00345	Formaldehyde assimilation, ribulose monophosphate pathway	Pathway modules; Energy metabolism; Methane metabolism	K00850	K01624,K08093,K08094	33.33	66.67	66.67	66.67	0	33.33	33.33	66.67	66.67	66.67	66.67	66.67
M00609	Cysteine biosynthesis, methionine => cysteine	Pathway modules; Amino acid metabolism; Cysteine and methionine metabolism	K00789,K01243	K07173,K17216,K17217,K17462	33.33	50	50	50	0	16.67	16.67	33.33	50	50	16.67	50
M00570	Isoleucine biosynthesis, threonine => 2-oxobutanoate => isoleucine	Pathway modules; Amino acid metabolism; Branched-chain amino acid metabolism	K00826,K01652,K01687	K00053,K01653,K17989	50	90	50	100	0	20	70	40	20	90	40	90
M00019	Valine/isoleucine biosynthesis, pyruvate => valine / 2-oxobutanoate => isoleucine	Pathway modules; Amino acid metabolism; Branched-chain amino acid metabolism	K00826,K01652,K01687	K00053,K01653	62.5	87.5	37.5	100	0	25	87.5	50	25	87.5	25	87.5
M00364	C10-C20 isoprenoid biosynthesis, bacteria	Pathway modules; Biosynthesis of terpenoids and polyketides; Terpenoid backbone biosynthesis	K01823	K00795	50	100	100	100	50	0	50	50	100	100	50	100
M00366	C10-C20 isoprenoid biosynthesis, plants	Pathway modules; Biosynthesis of terpenoids and polyketides; Terpenoid backbone biosynthesis	K01823	K00787,K13789,K14066	25	50	50	50	25	0	25	25	50	50	25	50
M00120	Coenzyme A biosynthesis, pantothenate => CoA	Pathway modules; Metabolism of cofactors and vitamins; Cofactor and vitamin metabolism	K00859,K00867,K00954,K13038	K00859,K00867	100	100	100	100	50	0	33.33	50	100	100	33.33	100
M00579	Phosphate acetyltransferase-acetate kinase pathway, acetyl-CoA => acetate	Pathway modules; Energy metabolism; Carbon fixation	K00625,K00925	K00625	100	100	100	100	50	0	50	100	100	100	100	100
M00849	C5 isoprenoid biosynthesis, mevalonate pathway, archaea	Pathway modules; Biosynthesis of terpenoids and polyketides; Terpenoid backbone biosynthesis	K00869,K01641,K01823	K00021,K00626,K03186,K06981,K09128,K25517,K25518	41.67	75	75	75	16.67	0	50	35.42	75	75	58.33	75
M00010	Citrate cycle, first carbon oxidation, oxaloacetate => 2-oxoglutarate	Pathway modules; Carbohydrate metabolism; Central carbohydrate metabolism	K00031	K01647,K01681	33.33	100	33.33	100	66.67	0	66.67	100	33.33	66.67	33.33	100
M00052	Pyrimidine ribonucleotide biosynthesis, UMP => UDP/UTP,CDP/CTP	Pathway modules; Nucleotide metabolism; Pyrimidine metabolism	K01937	K00940,K13800	33.33	100	66.67	100	33.33	0	33.33	66.67	66.67	100	66.67	66.67
M00088	Ketone body biosynthesis, acetyl-CoA => acetoacetate/3-hydroxybutyrate/acetone	Pathway modules; Lipid metabolism; Lipid metabolism	K01641	K00019,K00626,K01574,K01640	11.11	33.33	22.22	22.22	11.11	0	11.11	11.11	22.22	22.22	11.11	22.22
M00095	C5 isoprenoid biosynthesis, mevalonate pathway	Pathway modules; Biosynthesis of terpenoids and polyketides; Terpenoid backbone biosynthesis	K00869,K01597,K01641,K01823	K00021,K00626,K00938	57.14	85.71	85.71	100	14.29	0	28.57	14.29	100	85.71	57.14	85.71
M00022	Shikimate pathway, phosphoenolpyruvate + erythrose-4P => chorismate	Pathway modules; Amino acid metabolism; Aromatic amino acid metabolism	K00014,K00891,K01735,K03856	K00800,K01736,K03785	56.25	100	100	100	62.5	0	50	75	100	100	12.5	100
M00012	Glyoxylate cycle	Pathway modules; Carbohydrate metabolism; Other carbohydrate metabolism	K01647,K01681	K00026,K01637,K01638	0	40	20	40	40	0	40	40	40	40	20	40
M00093	Phosphatidylethanolamine (PE) biosynthesis, PA => PS => PE	Pathway modules; Lipid metabolism; Lipid metabolism	K00981	K00998,K01613	33.33	100	33.33	100	0	0	33.33	66.67	33.33	100	66.67	100
M00373	Ethylmalonyl pathway	Pathway modules; Carbohydrate metabolism; Other carbohydrate metabolism	K00626,K01965	K00023,K01847,K01966,K05606,K08691,K14446,K14447,K14448,K14449,K14451,K17865	0	13.89	5.56	13.89	8.33	0	5.56	22.22	13.89	19.44	5.56	13.89
M00368	Ethylene biosynthesis, methionine => ethylene	Pathway modules; Amino acid metabolism; Cysteine and methionine metabolism	K00789	K01762,K05933	33.33	33.33	33.33	33.33	0	0	33.33	33.33	33.33	33.33	33.33	33.33
M00953	Mugineic acid biosynthesis, methionine => 3-epihydroxymugineic acid	Pathway modules; Biosynthesis of other secondary metabolites; Biosynthesis of phytochemical compounds	K00789	K05953,K14271,K18054,K22374	20	20	20	20	0	0	20	20	20	20	20	20
M00375	Hydroxypropionate-hydroxybutylate cycle	Pathway modules; Energy metabolism; Carbon fixation	K00626	K01848,K01849,K01964,K05606,K14465,K14466,K14534,K15016,K15017,K15018,K15019,K15020,K15036,K15037,K15038,K15039	0	7.14	7.14	7.14	0	0	7.14	7.14	7.14	7.14	7.14	7.14
M00005	PRPP biosynthesis, ribose 5P => PRPP	Pathway modules; Carbohydrate metabolism; Central carbohydrate metabolism	K00948	NA	100	100	100	100	100	100	0	100	100	100	100	100
M00006	Pentose phosphate pathway, oxidative phase, glucose 6P => ribulose 5P	Pathway modules; Carbohydrate metabolism; Central carbohydrate metabolism	K00033,K00036,K01057	K00033,K00036	100	100	100	100	100	25	0	75	100	100	50	100
M00841	Tetrahydrofolate biosynthesis, mediated by PTPS, GTP => THF	Pathway modules; Metabolism of cofactors and vitamins; Cofactor and vitamin metabolism	K01495,K11754	K13941,K13998,K22101	40	40	40	80	20	20	0	20	40	40	20	40
M00925	Cobalamin biosynthesis, aerobic, uroporphyrinogen III => precorrin 2 => cobyrinate a,c-diamide	Pathway modules; Metabolism of cofactors and vitamins; Cofactor and vitamin metabolism	K02229,K02230,K05936,K09882	K00595,K02224,K02228,K02303,K03394,K05895,K05934,K06042,K09883	24.24	24.24	9.09	15.15	3.03	3.03	0	18.18	24.24	24.24	3.03	15.15
M00127	Thiamine biosynthesis, prokaryotes, AIR (+ DXP/tyrosine) => TMP/TPP	Pathway modules; Metabolism of cofactors and vitamins; Cofactor and vitamin metabolism	K00788,K00941,K03151	K00946,K03147,K03148,K03149,K03150,K03154	27.78	50	38.89	50	38.89	16.67	0	11.11	38.89	50	16.67	66.67
M00868	Heme biosynthesis, animals and fungi, glycine => heme	Pathway modules; Metabolism of cofactors and vitamins; Cofactor and vitamin metabolism	K00643,K01749	K00228,K00231,K01599,K01698,K01719,K01772	25	87.5	12.5	87.5	25	12.5	0	12.5	25	75	12.5	62.5
M00959	Guanine ribonucleotide degradation, GMP => Urate	Pathway modules; Nucleotide metabolism; Purine metabolism	K01081,K05810	K00087,K01487,K13479,K13480	50	75	50	75	25	50	0	50	50	75	25	83.33
M00895	Thiamine biosynthesis, prokaryotes, AIR (+ DXP/glycine) => TMP/TPP	Pathway modules; Metabolism of cofactors and vitamins; Cofactor and vitamin metabolism	K00788,K00941,K03151,K10810	K00946,K03147,K03148,K03149,K03153,K03154	44.44	61.11	41.67	61.11	33.33	27.78	0	8.33	41.67	72.22	16.67	61.11
M00126	Tetrahydrofolate biosynthesis, GTP => THF	Pathway modules; Metabolism of cofactors and vitamins; Cofactor and vitamin metabolism	K01495,K11754	K00287,K01077,K13939	40	80	60	80	45	50	0	50	40	80	30	70
M00063	CMP-KDO biosynthesis	Pathway modules; Glycan metabolism; Lipopolysaccharide metabolism	K06041	K00979,K01627,K03270	25	75	50	75	0	0	0	50	25	75	25	75
M00087	beta-Oxidation	Pathway modules; Lipid metabolism; Fatty acid metabolism	K00249	K00022,K00632,K01692	33.33	66.67	33.33	66.67	0	0	0	33.33	33.33	66.67	66.67	33.33
M00913	Pantothenate biosynthesis, 2-oxoisovalerate/spermine => pantothenate	Pathway modules; Metabolism of cofactors and vitamins; Cofactor and vitamin metabolism	K00077,K00128	K00606,K01918,K13367	33.33	50	0	66.67	16.67	16.67	16.67	0	16.67	66.67	33.33	33.33
M00131	Inositol phosphate metabolism, Ins(1,3,4,5)P4 => Ins(1,3,4)P3 => myo-inositol	Pathway modules; Carbohydrate metabolism; Other carbohydrate metabolism	K01092	K01106,K01107,K01109	25	25	25	25	25	0	25	0	25	25	25	25
M00158	F-type ATPase, eukaryotes	Pathway modules; Energy metabolism; ATP synthesis	K02132	K02125,K02126,K02127,K02128,K02129,K02130,K02133,K02134,K02135,K02136,K02137,K02138,K02140,K02141	6.67	13.33	13.33	13.33	0	0	6.67	0	13.33	13.33	6.67	13.33
M00150	Fumarate reductase, prokaryotes	Pathway modules; Energy metabolism; ATP synthesis	K00244	K00245,K00246,K00247	25	25	25	25	25	0	25	0	25	25	25	25
M00025	Tyrosine biosynthesis, chorismate => HPP => tyrosine	Pathway modules; Amino acid metabolism; Aromatic amino acid metabolism	K00832,K04517	K01850	75	100	100	100	75	50	25	0	75	75	50	100
M00367	C10-C20 isoprenoid biosynthesis, non-plant eukaryotes	Pathway modules; Biosynthesis of terpenoids and polyketides; Terpenoid backbone biosynthesis	K01823	K00787,K00804	33.33	33.33	33.33	33.33	0	0	33.33	0	33.33	33.33	33.33	33.33
M00115	NAD biosynthesis, aspartate => quinolinate => NAD	Pathway modules; Metabolism of cofactors and vitamins; Cofactor and vitamin metabolism	K01916	K00278,K00767,K00969,K03517	20	100	100	100	60	20	40	0	100	100	20	100
M00417	Cytochrome o ubiquinol oxidase	Pathway modules; Energy metabolism; ATP synthesis	K02297,K02298	K02299,K02300	50	100	25	100	0	0	0	0	25	100	50	75
M00040	Tyrosine biosynthesis, chorismate => arogenate => tyrosine	Pathway modules; Amino acid metabolism; Aromatic amino acid metabolism	K00832	K00220,K01850	33.33	100	100	100	66.67	33.33	0	0	100	100	33.33	100
M00982	Methylcitrate cycle	Pathway modules; Carbohydrate metabolism; Other carbohydrate metabolism	K00239	K00024,K00240,K00241,K01659,K01676,K01682,K01720,K03417	4.76	23.81	33.33	19.05	52.38	19.05	26.19	0	33.33	19.05	4.76	38.1
M00024	Phenylalanine biosynthesis, chorismate => phenylpyruvate => phenylalanine	Pathway modules; Amino acid metabolism; Aromatic amino acid metabolism	K00832	K01713,K01850	50	100	100	100	100	50	25	0	100	100	50	100
M00627	beta-Lactam resistance, Bla system	Signature modules; Gene set; Drug resistance	K02171,K17836	K02172	0	66.67	33.33	33.33	33.33	33.33	0	0	33.33	33.33	33.33	33.33
M00044	Tyrosine degradation, tyrosine => homogentisate	Pathway modules; Amino acid metabolism; Aromatic amino acid metabolism	K00832	K00451,K00457,K01555,K01800	20	40	40	40	20	20	0	0	40	40	20	40
M00365	C10-C20 isoprenoid biosynthesis, archaea	Pathway modules; Biosynthesis of terpenoids and polyketides; Terpenoid backbone biosynthesis	K01823	K13787	50	50	50	50	0	0	50	0	50	50	50	50
M00651	Vancomycin resistance, D-Ala-D-Lac type	Signature modules; Gene set; Drug resistance	K18347	K08641,K15739,K18351,K18352,K18353,K18354	16.67	25	25	25	0	0	16.67	0	25	25	16.67	25
M00151	Cytochrome bc1 complex respiratory unit	Pathway modules; Energy metabolism; ATP synthesis	K00410,K00411	K00411,K00412	0	100	25	100	25	50	0	0	50	100	25	100
M00152	Cytochrome bc1 complex	Pathway modules; Energy metabolism; ATP synthesis	K00411,K00412	K00413,K00414,K00415,K00416,K00417,K00418,K00419,K00420	0	20	10	30	10	10	0	0	10	20	10	20
M00064	ADP-L-glycero-D-manno-heptose biosynthesis	Pathway modules; Glycan metabolism; Lipopolysaccharide metabolism	K03272,K03274	K03271,K03273	0	60	20	60	0	40	0	20	0	60	40	60
M00171	C4-dicarboxylic acid cycle, NAD - malic enzyme type	Pathway modules; Energy metabolism; Carbon fixation	K01595	K00025,K00028,K00814,K01006,K14454,K14455	14.29	14.29	0	14.29	28.57	28.57	0	14.29	0	14.29	14.29	14.29
M00117	Ubiquinone biosynthesis, prokaryotes, chorismate (+ polyprenyl-PP) => ubiquinol	Pathway modules; Metabolism of cofactors and vitamins; Cofactor and vitamin metabolism	K03179	K00568,K03181,K03182,K03183,K03184,K03185,K03186,K18800	11.11	77.78	0	55.56	5.56	27.78	0	5.56	0	55.56	11.11	44.44
M00615	Nitrate assimilation	Signature modules; Module set; Metabolic capacity	K02575	M00531	50	50	0	0	50	0	0	0	0	50	50	50
M00045	Histidine degradation, histidine => N-formiminoglutamate => glutamate	Pathway modules; Amino acid metabolism; Histidine metabolism	K01458	K01468,K01712,K01745,K05603	0	12.5	25	12.5	0	25	0	25	12.5	0	25	12.5
M00149	Succinate dehydrogenase, prokaryotes	Pathway modules; Energy metabolism; ATP synthesis	K00239	K00240,K00241,K00242	25	50	0	0	50	25	0	0	0	0	25	75
M00159	V/A-type ATPase, prokaryotes	Pathway modules; Energy metabolism; ATP synthesis	K02118	K02107,K02117,K02119,K02120,K02121,K02122,K02123,K02124	0	0	0	0	11.11	0	11.11	22.22	11.11	0	11.11	11.11
M00028	Ornithine biosynthesis, glutamate => ornithine	Pathway modules; Amino acid metabolism; Arginine and proline metabolism	K00145,K00821	K00618,K00930,K01438	37.5	100	50	100	37.5	25	12.5	25	62.5	100	0	100
M00846	Siroheme biosynthesis, glutamyl-tRNA => siroheme	Pathway modules; Metabolism of cofactors and vitamins; Cofactor and vitamin metabolism	K01749	K01698,K01719,K01845,K02302,K02492	16.67	66.67	16.67	66.67	0	25	16.67	41.67	16.67	50	0	66.67
M00122	Cobalamin biosynthesis, cobyrinate a,c-diamide => cobalamin	Pathway modules; Metabolism of cofactors and vitamins; Cofactor and vitamin metabolism	K02233	K00768,K00798,K02225,K02226,K02231,K02232	33.33	16.67	16.67	33.33	16.67	50	16.67	25	16.67	16.67	0	16.67
M00123	Biotin biosynthesis, pimeloyl-ACP/CoA => biotin	Pathway modules; Metabolism of cofactors and vitamins; Cofactor and vitamin metabolism	K00652,K00833	K01012,K01935	50	100	66.67	100	33.33	0	33.33	66.67	33.33	100	0	66.67
M00899	Thiamine salvage pathway, HMP/HET => TMP	Pathway modules; Metabolism of cofactors and vitamins; Cofactor and vitamin metabolism	K00788,K00941	K00878	50	100	100	100	50	25	0	50	100	100	0	100
M00718	Multidrug resistance, efflux pump MexAB-OprM	Signature modules; Gene set; Drug resistance	K03585,K18138,K18139	K18131	0	50	33.33	50	16.67	33.33	0	0	0	50	0	50
M00874	Fatty acid biosynthesis in mitochondria, fungi	Pathway modules; Lipid metabolism; Fatty acid metabolism	K00059,K09458	K00645,K03955,K07512,K11262,K22541	33.33	41.67	41.67	41.67	33.33	33.33	25	33.33	58.33	41.67	0	41.67
M00840	Tetrahydrofolate biosynthesis, mediated by ribA and trpF, GTP => THF	Pathway modules; Metabolism of cofactors and vitamins; Cofactor and vitamin metabolism	K00287,K14652	K01633,K13941,K22099,K22100	0	33.33	33.33	66.67	0	0	16.67	0	16.67	33.33	0	33.33
M00950	Biotin biosynthesis, BioU pathway, pimeloyl-ACP/CoA => biotin	Pathway modules; Metabolism of cofactors and vitamins; Cofactor and vitamin metabolism	K00652	K01012,K01935,K25570	25	75	50	75	25	0	25	50	25	75	0	50
M00741	Propanoyl-CoA metabolism, propanoyl-CoA => succinyl-CoA	Pathway modules; Carbohydrate metabolism; Other carbohydrate metabolism	K01965	K01847,K01966,K05606	0	16.67	0	16.67	16.67	0	0	33.33	16.67	16.67	0	16.67
M00631	D-Galacturonate degradation (bacteria), D-galacturonate => pyruvate + D-glyceraldehyde 3P	Pathway modules; Carbohydrate metabolism; Other carbohydrate metabolism	K00874,K01625,K01685,K01812	K00041	80	100	100	100	20	20	60	40	100	100	0	100
M00740	Methylaspartate cycle	Pathway modules; Carbohydrate metabolism; Other carbohydrate metabolism	K00031	K00024,K00261,K01647,K01846,K04835,K14449,K19268,K19280,K19281,K19282,K27802	9.09	9.09	0	9.09	22.73	0	27.27	18.18	9.09	9.09	0	27.27
M00577	Biotin biosynthesis, BioW pathway, pimelate => pimeloyl-CoA => biotin	Pathway modules; Metabolism of cofactors and vitamins; Cofactor and vitamin metabolism	K00652,K00833	K01012,K01906,K01935	40	80	60	100	20	0	20	40	20	80	0	60
M00008	Entner-Doudoroff pathway, glucose-6P => glyceraldehyde-3P + pyruvate	Pathway modules; Carbohydrate metabolism; Central carbohydrate metabolism	K00036,K01057,K01625	K01690	75	100	100	100	50	25	25	25	100	100	0	100
M00346	Formaldehyde assimilation, serine pathway	Pathway modules; Energy metabolism; Methane metabolism	K01595,K01689	K00018,K00024,K00600,K00830,K08691,K08692,K11529,K14067	22.22	55.56	22.22	33.33	22.22	22.22	33.33	11.11	33.33	33.33	0	55.56
M00726	Cationic antimicrobial peptide (CAMP) resistance, lysyl-phosphatidylglycerol (L-PG) synthase MprF	Signature modules; Gene set; Drug resistance	K14205	K19077,K19078	0	33.33	33.33	66.67	0	33.33	0	33.33	66.67	33.33	0	66.67
M00140	C1-unit interconversion, prokaryotes	Pathway modules; Metabolism of cofactors and vitamins; Cofactor and vitamin metabolism	K01938	K00600,K01491	33.33	100	100	100	100	0	33.33	66.67	100	100	0	100
M00632	Galactose degradation, Leloir pathway, galactose => alpha-D-glucose-1P	Pathway modules; Carbohydrate metabolism; Other carbohydrate metabolism	K00849,K01784,K01785	K00965	75	100	100	100	75	25	100	50	100	100	0	100
M00873	Fatty acid biosynthesis in mitochondria, animals	Pathway modules; Lipid metabolism; Fatty acid metabolism	K09458	K00645,K03955,K07512,K11539,K13370,K18660,K22540	16.67	25	25	25	16.67	16.67	25	16.67	25	25	0	25
M00021	Cysteine biosynthesis, serine => cysteine	Pathway modules; Amino acid metabolism; Cysteine and methionine metabolism	K00640,K01738	K01738	0	100	100	100	0	0	50	100	50	100	0	100
M00926	Heme biosynthesis, bacteria, glutamyl-tRNA => coproporphyrin III => heme	Pathway modules; Metabolism of cofactors and vitamins; Cofactor and vitamin metabolism	K01749	K00231,K00435,K01599,K01698,K01719,K01772,K01845,K02492	11.11	55.56	11.11	55.56	11.11	11.11	11.11	22.22	22.22	44.44	0	44.44
M00535	Isoleucine biosynthesis, pyruvate => 2-oxobutanoate	Pathway modules; Amino acid metabolism; Branched-chain amino acid metabolism	K00052,K01703,K01704	K09011	0	66.67	16.67	66.67	50	0	33.33	66.67	33.33	66.67	0	66.67
M00153	Cytochrome bd ubiquinol oxidase	Pathway modules; Energy metabolism; ATP synthesis	K00426	K00424,K00425	33.33	66.67	33.33	66.67	33.33	33.33	33.33	0	33.33	66.67	0	66.67
M00700	Multidrug resistance, efflux pump AbcA	Signature modules; Gene set; Drug resistance	K18104	K18906	0	50	50	50	50	50	50	50	50	50	0	50
M00134	Polyamine biosynthesis, arginine => ornithine => putrescine	Pathway modules; Amino acid metabolism; Polyamine biosynthesis	K01476	K27545	100	50	50	50	0	100	50	100	0	50	0	100
M00652	Vancomycin resistance, D-Ala-D-Ser type	Signature modules; Gene set; Drug resistance	K18349,K18350	K18348,K18856,K18866	0	40	40	40	20	0	0	0	40	40	0	40
M00023	Tryptophan biosynthesis, chorismate => tryptophan	Pathway modules; Amino acid metabolism; Aromatic amino acid metabolism	K00766,K01657,K01658,K01695,K01696,K01817	K01656	0	83.33	33.33	100	58.33	16.67	25	66.67	58.33	100	0	83.33
M00079	Keratan sulfate degradation	Pathway modules; Glycan metabolism; Glycosaminoglycan metabolism	K12373	K01132,K01137,K12309	0	25	25	25	0	25	25	0	25	25	0	25
M00020	Serine biosynthesis, glycerate-3P => serine	Pathway modules; Amino acid metabolism; Serine and threonine metabolism	K00058	K00831,K01079	33.33	100	33.33	100	33.33	0	0	66.67	33.33	100	0	66.67
M00956	Lysine degradation, bacteria, L-lysine => succinate	Pathway modules; Amino acid metabolism; Lysine metabolism	K00135	K00137,K01582,K07250,K09251,K15736,K15737	14.29	14.29	0	14.29	14.29	14.29	14.29	14.29	14.29	14.29	0	14.29
M00845	Arginine biosynthesis, glutamate => acetylcitrulline => arginine	Pathway modules; Amino acid metabolism; Arginine and proline metabolism	K00145,K00821,K01940	K01438,K01755,K09065,K22478	42.86	57.14	0	57.14	42.86	28.57	14.29	42.86	28.57	57.14	0	71.43
M00125	Riboflavin biosynthesis, plants and bacteria, GTP => riboflavin/FMN/FAD	Pathway modules; Metabolism of cofactors and vitamins; Cofactor and vitamin metabolism	K00793,K11752,K11753,K20861	K00794,K01497,K02858	44.44	88.89	77.78	100	22.22	22.22	77.78	11.11	22.22	100	0	100
M00144	NADH	Pathway modules; Energy metabolism; ATP synthesis	K00333,K00337	K00330,K00331,K00332,K00334,K00335,K00336,K00338,K00339,K00340,K00341,K00342,K00343	12.12	18.18	0	4.55	10.61	31.82	18.18	22.73	9.09	3.03	0	27.27
M00866	KDO2-lipid A biosynthesis, Raetz pathway, non-LpxL-LpxM type	Pathway modules; Glycan metabolism; Lipopolysaccharide metabolism	K00748,K03269	K00677,K00912,K02517,K02527,K02535,K02536,K09778	22.22	88.89	11.11	88.89	0	22.22	11.11	22.22	22.22	88.89	0	44.44
M00116	Menaquinone biosynthesis, chorismate (+ polyprenyl-PP) => menaquinol	Pathway modules; Metabolism of cofactors and vitamins; Cofactor and vitamin metabolism	K03183	K01661,K01911,K02548,K02549,K02551,K02552,K08680,K19222	0	11.11	0	11.11	22.22	0	11.11	22.22	0	11.11	0	11.11
M00027	GABA (gamma-Aminobutyrate) shunt	Pathway modules; Amino acid metabolism; Other amino acid metabolism	K00135	K01580,K13524	33.33	33.33	33.33	33.33	66.67	33.33	0	33.33	33.33	33.33	0	66.67
M00176	Assimilatory sulfate reduction, sulfate => H2S	Pathway modules; Energy metabolism; Sulfur metabolism	K00380,K00381,K00390,K00955,K00957	K00380,K00390,K00955	0	100	33.33	83.33	55.56	50	0	0	33.33	83.33	0	66.67
M00924	Cobalamin biosynthesis, anaerobic, uroporphyrinogen III => sirohydrochlorin => cobyrinate a,c-diamide	Pathway modules; Metabolism of cofactors and vitamins; Cofactor and vitamin metabolism	K05936	K00595,K02188,K02189,K02190,K02224,K02302,K03394,K05895,K05934,K06042	9.09	27.27	9.09	9.09	0	9.09	9.09	31.82	18.18	18.18	0	18.18
M00168	CAM (Crassulacean acid metabolism), dark	Pathway modules; Energy metabolism; Carbon fixation	K01595	K00025	50	50	0	50	50	50	50	0	50	50	0	50
M00580	Pentose phosphate pathway, archaea, fructose 6P => ribose 5P	Pathway modules; Carbohydrate metabolism; Central carbohydrate metabolism	K01807	K08093,K08094	50	50	50	50	0	0	0	50	50	50	0	50
M00060	KDO2-lipid A biosynthesis, Raetz pathway, LpxL-LpxM type	Pathway modules; Glycan metabolism; Lipopolysaccharide metabolism	K00748,K03269	K00677,K00912,K02517,K02527,K02535,K02536,K02560	22.22	88.89	11.11	88.89	0	22.22	11.11	22.22	22.22	88.89	0	44.44
M00053	Deoxyribonucleotide biosynthesis, ADP/GDP/CDP/UDP => dATP/dGTP/dCTP/dUTP	Pathway modules; Nucleotide metabolism; Purine metabolism	K00525,K00526	K00940	50	100	50	100	0	50	0	25	50	100	0	50
M00094	Ceramide biosynthesis	Pathway modules; Lipid metabolism; Lipid metabolism	K00654	K04708,K04709,K04712	25	25	25	25	0	0	0	0	0	25	0	25
M00641	Multidrug resistance, efflux pump MexEF-OprN	Signature modules; Gene set; Drug resistance	K18299	K18297,K18298	0	0	0	0	0	25	0	0	0	0	0	25
M00132	Inositol phosphate metabolism, Ins(1,3,4)P3 => phytate	Pathway modules; Carbohydrate metabolism; Other carbohydrate metabolism	K00913	K00915,K10572	0	0	0	33.33	0	0	0	0	0	33.33	0	33.33
M00032	Lysine degradation, lysine => saccharopine => acetoacetyl-CoA	Pathway modules; Amino acid metabolism; Lysine metabolism	K00658	K00252,K00382,K00825,K07514,K14085,K14157,K15791	5.56	11.11	5.56	11.11	5.56	0	0	5.56	5.56	11.11	0	11.11
M00118	Glutathione biosynthesis, glutamate => glutathione	Pathway modules; Amino acid metabolism; Other amino acid metabolism	K01919,K01920	K21456	0	100	100	100	0	0	0	0	50	100	0	100
M00532	Photorespiration	Pathway modules; Carbohydrate metabolism; Other carbohydrate metabolism	K00605,K03781,K11517	K00281,K00382,K00600,K00830,K01601,K02437,K14272,K15893,K15918,K19269	23.61	48.61	48.61	48.61	30.56	0	5.56	30.56	48.61	48.61	0	61.11
M00089	Triacylglycerol biosynthesis	Pathway modules; Lipid metabolism; Lipid metabolism	K00655	K00629,K01080,K11155	25	25	25	25	25	0	0	25	25	25	0	25
M00898	Thiamine biosynthesis, pyridoxal-5P => TMP/thiamine/TPP	Pathway modules; Metabolism of cofactors and vitamins; Cofactor and vitamin metabolism	K00949	K00877,K03146,K14154,K18278	0	11.11	11.11	22.22	11.11	0	0	11.11	22.22	11.11	0	11.11
M00573	Biotin biosynthesis, BioI pathway, long-chain-acyl-ACP => pimeloyl-ACP => biotin	Pathway modules; Metabolism of cofactors and vitamins; Cofactor and vitamin metabolism	K00652	K01012,K01935,K16593,K19563	20	60	40	60	20	0	20	40	20	60	0	40
M00114	Ascorbate biosynthesis, plants, fructose-6P => ascorbate	Pathway modules; Carbohydrate metabolism; Other carbohydrate metabolism	K01809	K00225,K00966,K10046,K10047,K14190,K17497,K17744	0	12.5	12.5	12.5	0	0	0	12.5	12.5	12.5	0	12.5
M00541	Benzoyl-CoA degradation, benzoyl-CoA => 3-hydroxypimeloyl-CoA	Pathway modules; Xenobiotics biodegradation; Aromatics degradation	K19515	K07537,K07538,K07539,K19516	0	0	0	0	0	0	12.5	0	0	0	0	6.25
M00124	Pyridoxal-P biosynthesis, erythrose-4P => pyridoxal-P	Pathway modules; Metabolism of cofactors and vitamins; Cofactor and vitamin metabolism	K00097	K00275,K00831,K03472,K03473,K03474	16.67	66.67	16.67	66.67	0	0	0	33.33	16.67	66.67	0	50
M00564	Helicobacter pylori pathogenicity signature, cagA pathogenicity island	Signature modules; Gene set; Pathogenicity	K12088	K03196,K12086,K12089,K12090,K12091,K12093,K12094,K12095,K12096,K12097,K12098,K12101,K12102,K12103,K12104,K12105,K12106,K12107,K12108,K12109,K12110,K15842	0	4.35	4.35	4.35	0	0	0	0	4.35	4.35	0	4.35
M00886	Meromycolic acid biosynthesis, initiation and elongation FAS II (KasA and KasB)	Pathway modules; Lipid metabolism; Fatty acid metabolism	K02078	K00645,K11263,K11608,K11609,K11610,K11611,K18472,K27070,K27071,K27072,K27073	33.33	44.44	44.44	50	0	0	11.11	0	64.44	44.44	0	55.56
M00972	Proline metabolism	Pathway modules; Amino acid metabolism; Arginine and proline metabolism	K00286	K00318,K00819	33.33	33.33	33.33	33.33	33.33	33.33	0	0	33.33	33.33	0	33.33
M00377	Reductive acetyl-CoA pathway (Wood-Ljungdahl pathway)	Pathway modules; Energy metabolism; Carbon fixation	K00297,K01938	K00194,K00197,K00198,K01491,K05299,K14138,K15023	28.57	42.86	28.57	42.86	42.86	0	28.57	33.33	28.57	42.86	0	42.86
M00883	Lipoic acid biosynthesis, animals and bacteria, octanoyl-ACP => dihydrolipoyl-H => dihydrolipoyl-E2	Pathway modules; Metabolism of cofactors and vitamins; Cofactor and vitamin metabolism	K03644	K10105,K23735	33.33	66.67	33.33	66.67	33.33	66.67	0	0	33.33	33.33	0	66.67
M00081	Pectin degradation	Pathway modules; Carbohydrate metabolism; Other carbohydrate metabolism	K01051,K01184,K01213	K01184	0	100	66.67	66.67	33.33	0	0	0	100	66.67	0	33.33
M00923	UDP-L-FucNAm biosynthesis	Pathway modules; Glycan metabolism; Lipopolysaccharide metabolism	K19068	K15894,K24258,K24259	25	25	25	50	0	0	0	0	25	25	0	25
M00129	Ascorbate biosynthesis, animals, glucose-1P => ascorbate	Pathway modules; Carbohydrate metabolism; Other carbohydrate metabolism	K00012,K00963,K01053	K00002,K00103,K00699,K01195	0	42.86	14.29	42.86	0	0	28.57	28.57	28.57	42.86	0	28.57
M00730	Cationic antimicrobial peptide (CAMP) resistance, VraFG transporter	Signature modules; Gene set; Drug resistance	K19077	K19078,K19079,K19080	0	0	0	33.33	0	0	0	0	50	0	0	33.33
M00567	Methanogenesis, CO2 => methane	Pathway modules; Energy metabolism; Methane metabolism	K03388	K00200,K00201,K00202,K00203,K00205,K00319,K00320,K00399,K00401,K00402,K00577,K00578,K00579,K00580,K00581,K00584,K00672,K01499,K03389,K03390	0	0	0	0	0	4.17	0	8.33	0	0	0	4.17
M00896	Thiamine biosynthesis, archaea, AIR (+ NAD+) => TMP/TPP	Pathway modules; Metabolism of cofactors and vitamins; Cofactor and vitamin metabolism	K00788,K00941	K00946,K03147,K22699	16.67	50	33.33	50	25	25	0	16.67	33.33	50	0	50
M00554	Nucleotide sugar biosynthesis, galactose => UDP-galactose	Pathway modules; Carbohydrate metabolism; Other carbohydrate metabolism	K00849	K00965	50	100	100	100	50	0	100	0	100	100	0	100
M00099	Sphingosine biosynthesis	Pathway modules; Lipid metabolism; Lipid metabolism	K00654	K01441,K04708,K04709,K04712	20	20	20	20	0	0	0	0	0	20	0	20
M00015	Proline biosynthesis, glutamate => proline	Pathway modules; Amino acid metabolism; Arginine and proline metabolism	K00147,K00286	K00931	75	100	50	100	75	100	0	50	50	100	0	100
M00621	Glycine cleavage system	Pathway modules; Amino acid metabolism; Serine and threonine metabolism	K00605	K00281,K00382	33.33	66.67	66.67	66.67	33.33	0	0	66.67	66.67	66.67	0	100
M00086	beta-Oxidation, acyl-CoA synthesis	Pathway modules; Lipid metabolism; Fatty acid metabolism	K01897	NA	100	100	100	100	100	100	0	0	0	0	0	100
M00939	Pyrimidine degradation, uracil => 3-hydroxypropanoate	Pathway modules; Nucleotide metabolism; Pyrimidine metabolism	K09019,K09024	K09018,K09020,K09021,K09023	0	30	20	30	0	0	0	0	0	30	0	20
M00170	C4-dicarboxylic acid cycle, phosphoenolpyruvate carboxykinase type	Pathway modules; Energy metabolism; Carbon fixation	K01595,K01610	K14454,K14455	50	25	0	25	25	25	25	25	0	25	0	25
M00897	Thiamine biosynthesis, plants, AIR (+ NAD+) => TMP/thiamine/TPP	Pathway modules; Metabolism of cofactors and vitamins; Cofactor and vitamin metabolism	K00949,K03147,K14153	K03146,K22911	0	37.5	37.5	37.5	37.5	0	0	25	37.5	37.5	0	37.5
M00133	Polyamine biosynthesis, arginine => agmatine => putrescine => spermidine	Pathway modules; Amino acid metabolism; Polyamine biosynthesis	K00797	K01480,K01584,K01611	33.33	66.67	0	66.67	16.67	33.33	16.67	16.67	0	66.67	0	33.33
M00881	Lipoic acid biosynthesis, plants and bacteria, octanoyl-ACP => dihydrolipoyl-E2/H	Pathway modules; Metabolism of cofactors and vitamins; Cofactor and vitamin metabolism	K03644	K03801	50	100	0	100	50	100	0	0	0	50	0	100
M00878	Phenylacetate degradation, phenylaxetate => acetyl-CoA/succinyl-CoA	Pathway modules; Xenobiotics biodegradation; Aromatics degradation	K00074,K01912,K02611	K01692,K02609,K02610,K02612,K02613,K02615,K02618,K15866	31.43	17.14	2.86	17.14	0	0	0	0	17.14	2.86	0	17.14
M00744	Cationic antimicrobial peptide (CAMP) resistance, protease PgtE	Signature modules; Gene set; Drug resistance	K07660	K07637,K08477	0	33.33	33.33	33.33	0	0	0	0	33.33	33.33	0	33.33
M00884	Lipoic acid biosynthesis, octanoyl-CoA => dihydrolipoyl-E2	Pathway modules; Metabolism of cofactors and vitamins; Cofactor and vitamin metabolism	K03644	K23750	50	50	0	50	50	50	0	0	0	0	0	50
M00141	C1-unit interconversion, eukaryotes	Pathway modules; Metabolism of cofactors and vitamins; Cofactor and vitamin metabolism	K00600	K00288	0	50	50	50	50	0	0	50	50	50	0	50
M00970	Proline degradation, proline => glutamate	Pathway modules; Amino acid metabolism; Arginine and proline metabolism	K13821	NA	100	100	100	100	0	0	0	0	0	100	0	100
M00569	Catechol meta-cleavage, catechol => acetyl-CoA / 4-methylcatechol => propanoyl-CoA	Pathway modules; Xenobiotics biodegradation; Aromatics degradation	K01821	K00446,K01617,K10217,K18364,K18365,K18366	6.67	20	20	20	0	0	0	20	20	20	0	20
M00039	Monolignol biosynthesis, phenylalanine/tyrosine => monolignol	Pathway modules; Biosynthesis of other secondary metabolites; Biosynthesis of phytochemical compounds	K00083,K00588	K00487,K01904,K09753,K09754,K09755,K10775,K13065,K13066	0	20	10	20	0	0	0	0	10	10	0	10
M00888	Galactofuranan biosynthesis, decaprenyl phosphate + UDP-GlcNAc (+ dTDP-Rha/UDP-Galf) => GL-5	Pathway modules; Glycan metabolism; Other polysaccharide metabolism	K02851	K16649,K16650,K16870	25	25	25	25	0	0	0	0	25	25	0	25
M00530	Dissimilatory nitrate reduction, nitrate => ammonia	Pathway modules; Energy metabolism; Nitrogen metabolism	K00362,K00370	K00363,K00371,K00374	0	41.67	16.67	16.67	0	0	0	0	25	16.67	0	25
M00575	Pertussis pathogenicity signature, T1SS	Signature modules; Gene set; Pathogenicity	K11004,K12340	K07389,K11003,K22944	0	40	0	40	0	0	0	0	20	20	0	20
M00563	Methanogenesis, methylamine/dimethylamine/trimethylamine => methane	Pathway modules; Energy metabolism; Methane metabolism	K03388	K00399,K00401,K00402,K03389,K03390,K14082,K16177	0	0	0	0	0	8.33	0	16.67	0	0	0	8.33
M00848	Aurachin biosynthesis, anthranilate => aurachin A	Pathway modules; Biosynthesis of other secondary metabolites; Biosynthesis of other antibiotics	K02078	K09460,K14245,K14246,K21271,K21272,K22798,K22799,K22800,K22801,K22802	3.12	3.12	3.12	3.12	0	0	0	0	3.12	3.12	0	3.12
M00643	Multidrug resistance, efflux pump MexXY-OprM	Signature modules; Gene set; Drug resistance	K18139	K18094,K18095,K18129	0	16.67	16.67	16.67	0	0	0	0	0	16.67	0	16.67
M00596	Dissimilatory sulfate reduction, sulfate => H2S	Pathway modules; Energy metabolism; Sulfur metabolism	K00958	K00394,K00395,K11180,K11181,K27187,K27188,K27189,K27190,K27191	0	25	0	25	0	0	0	12.5	25	0	0	25
M00911	Riboflavin biosynthesis, fungi, GTP => riboflavin/FMN/FAD	Pathway modules; Metabolism of cofactors and vitamins; Cofactor and vitamin metabolism	K00793	K00794,K00861,K00953,K01497,K02858,K14654,K14655	9.09	45.45	18.18	63.64	9.09	0	9.09	9.09	0	54.55	0	18.18
M00705	Multidrug resistance, efflux pump MepA	Signature modules; Gene set; Drug resistance	K18909	K18908	0	50	50	50	0	0	0	0	50	0	0	50
M00066	Lactosylceramide biosynthesis	Pathway modules; Lipid metabolism; Lipid metabolism	K00720	K07553	0	50	0	50	0	0	0	0	0	50	0	50
M00620	Incomplete reductive citrate cycle, acetyl-CoA => oxoglutarate	Pathway modules; Energy metabolism; Carbon fixation	K00175,K01959	K00024,K00169,K00170,K00171,K00172,K00174,K00176,K00177,K01677,K01678,K01902,K01903,K01960,K18209,K18210	10.71	10.71	7.14	7.14	10.71	7.14	28.57	0	32.14	7.14	0	10.71
M00882	Lipoic acid biosynthesis, eukaryotes, octanoyl-ACP => dihydrolipoyl-H	Pathway modules; Metabolism of cofactors and vitamins; Cofactor and vitamin metabolism	K03644	K23735	50	50	0	50	50	50	0	0	0	0	0	50
M00912	NAD biosynthesis, tryptophan => quinolinate => NAD	Pathway modules; Metabolism of cofactors and vitamins; Cofactor and vitamin metabolism	K01916	K00452,K00453,K00486,K00767,K00969,K01432,K01556	12.5	37.5	37.5	37.5	25	0	25	0	37.5	37.5	0	37.5
M00154	Cytochrome c oxidase	Pathway modules; Energy metabolism; ATP synthesis	K02257	K02256,K02258,K02259,K02260,K02261,K02262,K02263,K02264,K02265,K02266,K02267,K02268,K02270,K02272	6.67	13.33	6.67	20	0	6.67	0	0	0	6.67	0	13.33
M00642	Multidrug resistance, efflux pump MexJK-OprM	Signature modules; Gene set; Drug resistance	K18303	K18301,K18302	0	0	0	0	0	0	0	25	0	0	0	25
M00090	Phosphatidylcholine (PC) biosynthesis, choline => PC	Pathway modules; Lipid metabolism; Lipid metabolism	K00968	K00866,K00994	0	0	0	0	0	0	0	33.33	0	0	0	33.33
M00030	Lysine biosynthesis, AAA pathway, 2-oxoglutarate => 2-aminoadipate => lysine	Pathway modules; Amino acid metabolism; Lysine metabolism	K00293	K00143,K00290,K00838,K01655,K01705,K05824,K17450	0	0	0	12.5	12.5	12.5	0	0	0	0	0	12.5
M00155	Cytochrome c oxidase, prokaryotes	Pathway modules; Energy metabolism; ATP synthesis	K02275,K02276	K02274	75	100	50	100	0	25	0	0	25	75	0	75
M00842	Tetrahydrobiopterin biosynthesis, GTP => BH4	Pathway modules; Metabolism of cofactors and vitamins; Cofactor and vitamin metabolism	K01495,K01737	K00072	66.67	66.67	66.67	66.67	0	0	0	0	0	33.33	0	33.33
M00356	Methanogenesis, methanol => methane	Pathway modules; Energy metabolism; Methane metabolism	K03388	K00399,K00401,K00402,K03389,K03390,K04480,K14080,K14081	0	0	0	0	0	11.11	0	22.22	0	0	0	11.11
M00885	Meromycolic acid biosynthesis, initiation and elongation FAS II (KasA)	Pathway modules; Lipid metabolism; Fatty acid metabolism	K02078	K00645,K11263,K11608,K11609,K11610,K11611,K18472,K27689	33.33	44.44	44.44	50	0	0	11.11	0	69.44	44.44	0	55.56
M00880	Molybdenum cofactor biosynthesis, GTP => molybdenum cofactor	Pathway modules; Metabolism of cofactors and vitamins; Cofactor and vitamin metabolism	K03831	K03635,K03637,K03639,K03750	0	16.67	0	33.33	0	0	0	0	0	0	0	50
M00616	Sulfate-sulfur assimilation	Signature modules; Module set; Metabolic capacity	K02045	K02046,K02047,K02048,M00176	12.5	12.5	0	12.5	25	0	0	0	12.5	0	0	25
M00843	L-threo-Tetrahydrobiopterin biosynthesis, GTP => L-threo-BH4	Pathway modules; Metabolism of cofactors and vitamins; Cofactor and vitamin metabolism	K01495,K01737	K17745	66.67	66.67	66.67	66.67	0	0	0	0	0	33.33	0	33.33
M00013	Malonate semialdehyde pathway, propanoyl-CoA => acetyl-CoA	Pathway modules; Carbohydrate metabolism; Other carbohydrate metabolism	K00140	K00248,K05605,K07511,K23146	20	0	0	0	0	20	0	0	0	0	0	20
M00778	Type II polyketide backbone biosynthesis, acyl-CoA + malonyl-CoA => polyketide	Pathway modules; Biosynthesis of terpenoids and polyketides; Type II polyketide biosynthesis	K05551	K05552,K05553,K05554,K05555	0	16.67	0	16.67	0	0	0	0	16.67	0	0	16.67
M00922	CMP-Neu5Ac biosynthesis	Pathway modules; Glycan metabolism; Lipopolysaccharide metabolism	K01654	K00983,K24257	0	0	0	0	33.33	33.33	0	33.33	0	0	0	0
M00948	Hydroxyproline degradation, trans-4-hydroxy-L-proline => 2-oxoglutarate	Pathway modules; Amino acid metabolism; Other amino acid metabolism	K12658	K13877,K21060,K21062	0	0	0	25	0	0	0	0	25	0	0	0
M00625	Methicillin resistance	Signature modules; Gene set; Drug resistance	K02545	K02546,K02547	0	33.33	0	33.33	0	0	0	0	33.33	33.33	0	0
M00097	beta-Carotene biosynthesis, GGAP => beta-carotene	Pathway modules; Biosynthesis of terpenoids and polyketides; Plant terpenoid biosynthesis	K02291	K00514,K02293,K06443,K09835,K15744	16.67	16.67	0	16.67	0	0	0	0	0	0	0	0
M00850	Vibrio cholerae pathogenicity signature, cholera toxins	Signature modules; Gene set; Pathogenicity	K10953	K10928,K10929,K10948,K10952,K10954,K11018	0	0	0	16.67	0	0	0	0	16.67	16.67	0	0
M00984	Sulfur oxidation, tetrathionate intermediate (S4I) pathway, thiosulfate => sulfur + sulfate + thiosulfate	Pathway modules; Energy metabolism; Sulfur metabolism	K19713	K27925	0	50	0	50	0	0	0	0	0	50	0	0
M00076	Dermatan sulfate degradation	Pathway modules; Glycan metabolism; Glycosaminoglycan metabolism	K01197	K01135,K01136,K01195,K01217	0	0	0	0	20	20	20	0	0	0	0	0
M00696	Multidrug resistance, efflux pump AcrEF-TolC	Signature modules; Gene set; Drug resistance	K12340	K18140,K18141,K18142	0	16.67	0	16.67	0	0	0	0	16.67	16.67	0	0
M00973	Anammox, nitrite + ammonia => nitrogen	Pathway modules; Energy metabolism; Nitrogen metabolism	K00368	K20932,K20933,K20934,K20935	33.33	0	0	0	0	0	0	0	0	0	0	0
M00804	Complete nitrification, comammox, ammonia => nitrite => nitrate	Pathway modules; Energy metabolism; Nitrogen metabolism	K00370	K00371,K10535,K10944,K10945,K10946	0	16.67	0	16.67	0	0	0	0	0	16.67	0	0
M00538	Toluene degradation, toluene => benzoate	Pathway modules; Xenobiotics biodegradation; Aromatics degradation	K00055	K00141,K15760,K15761,K15763,K15764	33.33	0	0	0	0	0	33.33	0	0	0	0	0
M00537	Xylene degradation, xylene => methylbenzoate	Pathway modules; Xenobiotics biodegradation; Aromatics degradation	K00055	K00141,K15757,K15758	33.33	0	0	0	0	0	33.33	0	0	0	0	0
M00416	Cytochrome aa3-600 menaquinol oxidase	Pathway modules; Energy metabolism; ATP synthesis	K02827	K02826,K02828,K02829	0	0	0	25	0	0	0	0	0	0	0	0
M00697	Multidrug resistance, efflux pump MdtEF-TolC	Signature modules; Gene set; Drug resistance	K12340	K07690,K18898,K18899	0	16.67	0	16.67	0	0	0	0	16.67	16.67	0	0
M00860	Bacillus anthracis pathogenicity signature, polyglutamic acid capsule biosynthesis	Signature modules; Gene set; Pathogenicity	K07282	K01932,K22116,K22976,K22977,K22980,K22981	0	0	0	0	14.29	14.29	0	0	0	0	0	0
M00545	Trans-cinnamate degradation, trans-cinnamate => acetyl-CoA	Pathway modules; Xenobiotics biodegradation; Aromatics degradation	K00529	K01666,K02554,K04073,K05708,K05709,K05710,K05711,K05713,K05714	0	0	0	2.08	0	0	0	16.67	0	0	0	0
M00101	Cholesterol biosynthesis, FPP => cholesterol	Pathway modules; Lipid metabolism; Sterol biosynthesis	K07750	K00213,K00222,K00227,K00511,K00801,K01824,K01852,K05917,K07748,K09828,K13373	0	8.33	0	0	0	0	0	0	0	0	0	0
M00867	KDO2-lipid A modification pathway	Pathway modules; Glycan metabolism; Lipopolysaccharide metabolism	K03760	K09953,K12977,K23082,K23083,K23159	20	20	0	0	0	0	0	0	0	0	0	0
M00930	Menaquinone biosynthesis, futalosine pathway	Pathway modules; Metabolism of cofactors and vitamins; Cofactor and vitamin metabolism	K11783,K20810	K11782,K11784,K11785,K18285	0	0	0	0	0	0	0	33.33	0	0	0	0
M00529	Denitrification, nitrate => nitrogen	Pathway modules; Energy metabolism; Nitrogen metabolism	K00368	K00370,K00371,K00374,K00376,K02305,K04561	25	20.83	8.33	8.33	12.5	0	0	0	0	8.33	0	0
M00872	O-glycan biosynthesis, mannose type (core M3)	Pathway modules; Glycan metabolism; Glycan biosynthesis	K00728	,K09654,K09668,K17547,K18207,K19872,K19873,K21031,K21032,K21052	0	0	0	0	0	0	0	6.67	0	0	0	0
M00745	Imipenem resistance, repression of porin OprD	Signature modules; Gene set; Drug resistance	K07644	K07665	0	0	0	0	0	0	0	0	50	0	50	0
M00540	Benzoate degradation, cyclohexanecarboxylic acid =>pimeloyl-CoA	Pathway modules; Xenobiotics biodegradation; Aromatics degradation	K07535	K04116,K04117,K07534,K07536	0	0	0	0	0	0	0	0	20	0	0	0
M00555	Betaine biosynthesis, choline => betaine	Pathway modules; Amino acid metabolism; Serine and threonine metabolism	K00108	K00130	0	0	50	0	0	0	0	0	50	0	0	0
M00102	Ergocalciferol biosynthesis, FPP => ergosterol/ergocalciferol	Pathway modules; Lipid metabolism; Sterol biosynthesis	K07750	K00222,K00223,K00227,K00511,K00559,K00801,K01852,K05917,K07748,K09827,K09829,K09831	0	7.69	0	0	0	0	0	0	0	0	0	0
M00974	Betaine metabolism, animals, betaine => glycine	Pathway modules; Amino acid metabolism; Serine and threonine metabolism	K00306	K00315,K00544	0	33.33	0	0	0	0	0	0	0	0	0	0
M00769	Multidrug resistance, efflux pump MexPQ-OpmE	Signature modules; Gene set; Drug resistance	K19594	K18304,K19591,K19593,K19595	0	0	0	0	0	11.11	0	0	0	0	0	0
M00136	GABA biosynthesis, prokaryotes, putrescine => GABA	Pathway modules; Amino acid metabolism; Polyamine biosynthesis	K09471	K09470,K09472,K09473	25	0	0	0	0	0	0	0	0	25	0	0
M00091	Phosphatidylcholine (PC) biosynthesis, PE => PC	Pathway modules; Lipid metabolism; Lipid metabolism	K00570	NA	0	100	0	100	0	0	0	0	0	100	0	0
NA	NA	NA	NA	NA	0	0	0	0	0	0	0	0	0	0	0	0
M00622	Nicotinate degradation, nicotinate => fumarate	Pathway modules; Metabolism of cofactors and vitamins; Cofactor and vitamin metabolism	K18030	K01799,K13995,K14974,K15357,K18028,K18029	0	0	8.33	0	0	0	0	0	0	0	0	0
M00986	Sulfur reduction, sulfur => sulfide	Pathway modules; Energy metabolism; Sulfur metabolism	K18367	NA	0	0	0	100	0	0	0	0	100	0	0	0
M00077	Chondroitin sulfate degradation	Pathway modules; Glycan metabolism; Glycosaminoglycan metabolism	K01197	K01132,K01135,K01195	0	0	0	0	25	25	25	0	0	0	0	0
M00811	Nicotine degradation, pyrrolidine pathway, nicotine => succinate semialdehyde	Pathway modules; Metabolism of cofactors and vitamins; Cofactor and vitamin metabolism	K20170	K15359,K20169,K20171	25	0	0	0	0	0	0	0	0	0	0	0
M00046	Pyrimidine degradation, uracil => beta-alanine, thymine => 3-aminoisobutanoate	Pathway modules; Nucleotide metabolism; Pyrimidine metabolism	K17722	K01431,K01464,K17723	0	0	0	0	0	0	16.67	0	0	0	0	0
M00078	Heparan sulfate degradation	Pathway modules; Glycan metabolism; Glycosaminoglycan metabolism	K01195	K01136,K01137,K01205,K01217,K01565,K07964,K10532	0	0	0	0	0	0	12.5	0	0	0	0	0
M00968	Pentose bisphosphate pathway (nucleoside degradation), archaea, nucleoside/NMP => 3-PGA/glycerone phosphate	Pathway modules; Carbohydrate metabolism; Other carbohydrate metabolism	K01601	K00757,K18237,K21056	0	0	33.33	0	0	0	16.67	0	33.33	0	0	0
M00338	Cysteine biosynthesis, homocysteine + serine => cysteine	Pathway modules; Amino acid metabolism; Cysteine and methionine metabolism	K01697	K01758	0	50	0	100	50	0	0	50	0	100	0	0
M00135	GABA biosynthesis, eukaryotes, putrescine => GABA	Pathway modules; Amino acid metabolism; Polyamine biosynthesis	K00128	K00274,K00657	33.33	0	0	33.33	0	0	33.33	0	0	66.67	0	0
M00156	Cytochrome c oxidase, cbb3-type	Pathway modules; Energy metabolism; ATP synthesis	K00406,K00407	K00404,K00405	0	0	0	0	0	0	0	0	0	0	66.67	0
M00418	Toluene degradation, anaerobic, toluene => benzoyl-CoA	Pathway modules; Xenobiotics biodegradation; Aromatics degradation	K07540	K07543,K07544,K07545,K07546,K07547,K07548,K07549,K07550	0	0	0	16.67	0	0	0	0	0	0	0	0
M00763	Ornithine biosynthesis, mediated by LysW, glutamate => ornithine	Pathway modules; Amino acid metabolism; Arginine and proline metabolism	K05830	K05826,K05828,K05829,K05831,K19412	0	0	0	0	0	0	0	0	0	10	0	0
M00932	Phylloquinone biosynthesis, chorismate (+ phytyl-PP) => phylloquinol	Pathway modules; Metabolism of cofactors and vitamins; Cofactor and vitamin metabolism	K01911,K02549	K01661,K02551,K02552,K08680,K17872,K19222,K23094,K23095	0	0	0	0	17.86	0	3.57	7.14	0	0	0	0
M00698	Multidrug resistance, efflux pump BpeEF-OprC	Signature modules; Gene set; Drug resistance	K18901	K18900,K18902,K18903	0	16.67	0	16.67	0	0	0	0	0	0	0	0
M00761	Undecaprenylphosphate alpha-L-Ara4N biosynthesis, UDP-GlcA => undecaprenyl phosphate alpha-L-Ara4N	Pathway modules; Carbohydrate metabolism; Other carbohydrate metabolism	K10012	K07806,K10011,K13014	0	0	0	0	0	0	0	0	25	0	0	0
M00887	Mycolic acid biosynthesis, meromycolic acid + alpha-carboxyacyl-CoA + trehalose => TMM => TDM/mAGP/GMM	Pathway modules; Lipid metabolism; Fatty acid metabolism	K11263	K12428,K12437,K18851,K27093,K27094,K27095,K27306	0	0	0	12.5	0	0	0	0	12.5	0	0	0
M00309	Non-phosphorylative Entner-Doudoroff pathway, gluconate/galactonate => glycerate	Pathway modules; Carbohydrate metabolism; Central carbohydrate metabolism	K03738	K05308,K11395	0	0	0	0	0	0	33.33	0	0	0	0	0
M00623	Phthalate degradation, phthalate => protocatechuate	Pathway modules; Xenobiotics biodegradation; Aromatics degradation	K18067	K04102,K18068,K18069	0	0	0	0	0	0	0	0	0	0	33.33	0
M00877	Kanosamine biosynthesis, glucose 6-phosphate => kanosamine	Pathway modules; Biosynthesis of other secondary metabolites; Biosynthesis of other antibiotics	K18653	K18652,K18654	0	33.33	0	33.33	0	0	0	0	0	0	0	0
M00875	Staphyloferrin B biosynthesis, L-serine => staphyloferrin B	Pathway modules; Biosynthesis of other secondary metabolites; Biosynthesis of other bacterial compounds	K21721	K21949,K23371,K23372,K23373,K23374,K23375	0	0	0	0	0	0	0	14.29	0	0	0	0
M00704	Tetracycline resistance, efflux pump Tet38	Signature modules; Gene set; Drug resistance	K08168	K18906	0	0	0	0	50	50	0	0	0	0	0	0
M00031	Lysine biosynthesis, mediated by LysW, 2-aminoadipate => lysine	Pathway modules; Amino acid metabolism; Lysine metabolism	K05830	K05826,K05827,K05828,K05829,K05831	0	0	0	0	0	0	0	0	0	10	0	0
M00568	Catechol ortho-cleavage, catechol => 3-oxoadipate	Pathway modules; Xenobiotics biodegradation; Aromatics degradation	K01055	K01856,K03381,K03464	0	0	0	0	0	0	0	0	0	0	0	25
M00546	Purine degradation, xanthine => urea	Pathway modules; Nucleotide metabolism; Purine metabolism	K13479	K00087,K00365,K01466,K01477,K13480,K13484	0	0	0	0	0	0	0	0	0	0	0	6.67
