feature	metadata	value	coef	stderr	pval	qval	N	N.not.zero	module	class
M00001	disease_status	Healthy	1.0276450106376342	0.2926346621948002	0.005615698609815252	0.04984550511081083	12	7	M00001: Glycolysis (Embden-Meyerhof pathway), glucose => pyruvate	Pathway modules; Carbohydrate metabolism; Central carbohydrate metabolism
M00002	disease_status	Healthy	1.0298942680899597	0.23957933222230035	0.0015644868783897532	0.03248842103636595	12	7	M00002: Glycolysis, core module involving three-carbon compounds	Pathway modules; Carbohydrate metabolism; Central carbohydrate metabolism
M00003	disease_status	Healthy	0.9421060949731438	0.25097212005143416	0.003760089574815599	0.04516760082668877	12	6	M00003: Gluconeogenesis, oxaloacetate => fructose-6P	Pathway modules; Carbohydrate metabolism; Central carbohydrate metabolism
M00004	disease_status	Healthy	1.0331902098170107	0.26112733187725407	0.0027010363487404826	0.038525016875261865	12	8	M00004: Pentose phosphate pathway (Pentose phosphate cycle)	Pathway modules; Carbohydrate metabolism; Central carbohydrate metabolism
M00005	disease_status	Healthy	0.11218256596301208	0.30757429503798556	0.7229056614278495	0.8637314396280799	12	11	M00005: PRPP biosynthesis, ribose 5P => PRPP	Pathway modules; Carbohydrate metabolism; Central carbohydrate metabolism
M00006	disease_status	Healthy	-0.04972538663344981	0.32231109536366587	0.8804600557146988	0.9492459975674096	12	11	M00006: Pentose phosphate pathway, oxidative phase, glucose 6P => ribulose 5P	Pathway modules; Carbohydrate metabolism; Central carbohydrate metabolism
M00007	disease_status	Healthy	0.8177651677793152	0.27551421920759794	0.014090534602026238	0.07777975100318482	12	5	M00007: Pentose phosphate pathway, non-oxidative phase, fructose 6P => ribose 5P	Pathway modules; Carbohydrate metabolism; Central carbohydrate metabolism
M00008	disease_status	Healthy	-0.31718642803657937	0.3018588991112285	0.3180907667854091	0.5386076787286682	12	11	M00008: Entner-Doudoroff pathway, glucose-6P => glyceraldehyde-3P + pyruvate	Pathway modules; Carbohydrate metabolism; Central carbohydrate metabolism
M00009	disease_status	Healthy	0.7231009463400391	0.325373624311674	0.05049124631646818	0.17419479979181524	12	4	M00009: Citrate cycle (TCA cycle, Krebs cycle)	Pathway modules; Carbohydrate metabolism; Central carbohydrate metabolism
M00010	disease_status	Healthy	0.09959677751373414	0.31473136357189463	0.7581677184283216	0.8857909973234801	12	11	M00010: Citrate cycle, first carbon oxidation, oxaloacetate => 2-oxoglutarate	Pathway modules; Carbohydrate metabolism; Central carbohydrate metabolism
M00011	disease_status	Healthy	0.2951786430306112	0.39792279680453196	0.4752705898581532	0.6526103621932849	12	5	M00011: Citrate cycle, second carbon oxidation, 2-oxoglutarate => oxaloacetate	Pathway modules; Carbohydrate metabolism; Central carbohydrate metabolism
M00012	disease_status	Healthy	-0.08919031326561978	0.37635462392430835	0.8174527957781774	0.9172025277958658	12	10	M00012: Glyoxylate cycle	Pathway modules; Carbohydrate metabolism; Other carbohydrate metabolism
M00013	disease_status	Healthy	0.6853866481455212	0.3460487833102357	0.07579608772018623	0.21566721866774638	12	3	M00013: Malonate semialdehyde pathway, propanoyl-CoA => acetyl-CoA	Pathway modules; Carbohydrate metabolism; Other carbohydrate metabolism
M00014	disease_status	Healthy	0.9513421663655715	0.23842495520315238	0.0025588382352195052	0.038525016875261865	12	5	M00014: Glucuronate pathway (uronate pathway)	Pathway modules; Carbohydrate metabolism; Other carbohydrate metabolism
M00015	disease_status	Healthy	-0.2019435563721738	0.35493965027023	0.5819410660416695	0.7497729486135465	12	10	M00015: Proline biosynthesis, glutamate => proline	Pathway modules; Amino acid metabolism; Arginine and proline metabolism
M00016	disease_status	Healthy	1.238655571865724	0.314676885941635	0.0027916678895117293	0.038525016875261865	12	4	M00016: Lysine biosynthesis, succinyl-DAP pathway, aspartate => lysine	Pathway modules; Amino acid metabolism; Lysine metabolism
M00017	disease_status	Healthy	0.9438068563608667	0.32259733709177585	0.015153186996758508	0.08200548257069311	12	4	M00017: Methionine biosynthesis, aspartate => homoserine => methionine	Pathway modules; Amino acid metabolism; Cysteine and methionine metabolism
M00018	disease_status	Healthy	0.6411170155595584	0.2899965389700195	0.05149306937357742	0.17532580623894303	12	6	M00018: Threonine biosynthesis, aspartate => homoserine => threonine	Pathway modules; Amino acid metabolism; Serine and threonine metabolism
M00019	disease_status	Healthy	0.02819233294403696	0.2942652312041859	0.9255675144076807	0.9825255152943072	12	11	M00019: Valine/isoleucine biosynthesis, pyruvate => valine / 2-oxobutanoate => isoleucine	Pathway modules; Amino acid metabolism; Branched-chain amino acid metabolism
M00020	disease_status	Healthy	-0.6418940562528513	0.38180556471991	0.12363908555229938	0.3028681725261932	12	9	M00020: Serine biosynthesis, glycerate-3P => serine	Pathway modules; Amino acid metabolism; Serine and threonine metabolism
M00021	disease_status	Healthy	-0.8375927288875663	0.375436398499894	0.049759348640593976	0.17384278765574604	12	8	M00021: Cysteine biosynthesis, serine => cysteine	Pathway modules; Amino acid metabolism; Cysteine and methionine metabolism
M00022	disease_status	Healthy	-0.19461077263116572	0.318689680718062	0.55504963448261	0.736508168832694	12	11	M00022: Shikimate pathway, phosphoenolpyruvate + erythrose-4P => chorismate	Pathway modules; Amino acid metabolism; Aromatic amino acid metabolism
M00023	disease_status	Healthy	-0.37502939624640325	0.3488306202205256	0.30758299315429766	0.5272851311216531	12	10	M00023: Tryptophan biosynthesis, chorismate => tryptophan	Pathway modules; Amino acid metabolism; Aromatic amino acid metabolism
M00024	disease_status	Healthy	-0.1246430396718571	0.31416792069689986	0.6998938056059193	0.8547375679081137	12	11	M00024: Phenylalanine biosynthesis, chorismate => phenylpyruvate => phenylalanine	Pathway modules; Amino acid metabolism; Aromatic amino acid metabolism
M00025	disease_status	Healthy	-0.07568363308954011	0.31299743869882235	0.8138193977656136	0.9172025277958658	12	11	M00025: Tyrosine biosynthesis, chorismate => HPP => tyrosine	Pathway modules; Amino acid metabolism; Aromatic amino acid metabolism
M00026	disease_status	Healthy	0.4550824178912713	0.2577948862363052	0.10797425951279555	0.28381805357649115	12	2	M00026: Histidine biosynthesis, PRPP => histidine	Pathway modules; Amino acid metabolism; Histidine metabolism
M00027	disease_status	Healthy	-0.06602142020471252	0.3635692176690758	0.8595306081201717	0.9413906660363786	12	10	M00027: GABA (gamma-Aminobutyrate) shunt	Pathway modules; Amino acid metabolism; Other amino acid metabolism
M00028	disease_status	Healthy	-0.4217739683997321	0.3069595561583316	0.1994420238680618	0.40774813768581525	12	11	M00028: Ornithine biosynthesis, glutamate => ornithine	Pathway modules; Amino acid metabolism; Arginine and proline metabolism
M00029	disease_status	Healthy	1.0406560346641585	0.21316128312779167	6.400375572160546e-4	0.018964407511750745	12	6	M00029: Urea cycle	Pathway modules; Amino acid metabolism; Arginine and proline metabolism
M00030	disease_status	Healthy	0.5183055109225796	0.36707527661011013	0.1883064749105849	0.3907713313933942	12	4	M00030: Lysine biosynthesis, AAA pathway, 2-oxoglutarate => 2-aminoadipate => lysine	Pathway modules; Amino acid metabolism; Lysine metabolism
M00031	disease_status	Healthy	0.49222290765122406	0.32494803858347915	0.16077883340231622	0.35218220650031173	12	4	M00031: Lysine biosynthesis, mediated by LysW, 2-aminoadipate => lysine	Pathway modules; Amino acid metabolism; Lysine metabolism
M00032	disease_status	Healthy	-0.3768693947912369	0.3973324619048773	0.36523357868042916	0.5667073400613658	12	9	M00032: Lysine degradation, lysine => saccharopine => acetoacetyl-CoA	Pathway modules; Amino acid metabolism; Lysine metabolism
M00033	disease_status	Healthy	0.7527528992366861	0.24208334408767698	0.011070509404148833	0.07327034006779719	12	11	M00033: Ectoine biosynthesis, aspartate => ectoine	Pathway modules; Amino acid metabolism; Serine and threonine metabolism
M00034	disease_status	Healthy	0.7026388514400829	0.290683341430998	0.03623484557344056	0.14493938229376224	12	3	M00034: Methionine salvage pathway	Pathway modules; Amino acid metabolism; Cysteine and methionine metabolism
M00035	disease_status	Healthy	0.8073038217763516	0.35474180067346633	0.0461176665671368	0.16318558939140712	12	3	M00035: Methionine degradation	Pathway modules; Amino acid metabolism; Cysteine and methionine metabolism
M00036	disease_status	Healthy	0.11589577686473154	0.29712878721694674	0.7046768381637982	0.8549583239612303	12	11	M00036: Leucine degradation, leucine => acetoacetate + acetyl-CoA	Pathway modules; Amino acid metabolism; Branched-chain amino acid metabolism
M00039	disease_status	Healthy	-1.4171324838853563	0.15139936087800315	2.9037580131922867e-6	2.0035930291026778e-4	12	6	M00039: Monolignol biosynthesis, phenylalanine/tyrosine => monolignol	Pathway modules; Biosynthesis of other secondary metabolites; Biosynthesis of phytochemical compounds
M00040	disease_status	Healthy	-0.5192667372973276	0.3854992236529146	0.20771109625546083	0.4184544712883737	12	10	M00040: Tyrosine biosynthesis, chorismate => arogenate => tyrosine	Pathway modules; Amino acid metabolism; Aromatic amino acid metabolism
M00044	disease_status	Healthy	-0.3420021049805051	0.3643709647216221	0.37004801020158407	0.5682072597922986	12	10	M00044: Tyrosine degradation, tyrosine => homogentisate	Pathway modules; Amino acid metabolism; Aromatic amino acid metabolism
M00045	disease_status	Healthy	0.16502694145051022	0.39402277544586717	0.6841969969032156	0.8468088392165358	12	6	M00045: Histidine degradation, histidine => N-formiminoglutamate => glutamate	Pathway modules; Amino acid metabolism; Histidine metabolism
M00046	disease_status	Healthy	0.7060680964387563	0.24598367967917184	0.016657717562844915	0.0861796349855333	12	1	M00046: Pyrimidine degradation, uracil => beta-alanine, thymine => 3-aminoisobutanoate	Pathway modules; Nucleotide metabolism; Pyrimidine metabolism
M00048	disease_status	Healthy	0.52538997486196	0.30850310896793404	0.11938702416875362	0.2968542222574414	12	5	M00048: De novo purine biosynthesis, PRPP + glutamine => IMP	Pathway modules; Nucleotide metabolism; Purine metabolism
M00049	disease_status	Healthy	0.5879033593897642	0.31752910996916545	0.0938149816392549	0.2615447972973167	12	6	M00049: Adenine ribonucleotide biosynthesis, IMP => ADP,ATP	Pathway modules; Nucleotide metabolism; Purine metabolism
M00050	disease_status	Healthy	0.25505142899475247	0.3553526789524909	0.48934409513868227	0.6653151244250064	12	2	M00050: Guanine ribonucleotide biosynthesis, IMP => GDP,GTP	Pathway modules; Nucleotide metabolism; Purine metabolism
M00051	disease_status	Healthy	1.0396525107926438	0.23569424501951455	0.0013123308126306414	0.03248842103636595	12	7	M00051: De novo pyrimidine biosynthesis, glutamine (+ PRPP) => UMP	Pathway modules; Nucleotide metabolism; Pyrimidine metabolism
M00052	disease_status	Healthy	-0.08485651600712929	0.2860719582703266	0.7728210800809715	0.8924628372483184	12	11	M00052: Pyrimidine ribonucleotide biosynthesis, UMP => UDP/UTP,CDP/CTP	Pathway modules; Nucleotide metabolism; Pyrimidine metabolism
M00053	disease_status	Healthy	-0.6432669729816679	0.3700817685232217	0.11281660649963753	0.2904935685050801	12	9	M00053: Deoxyribonucleotide biosynthesis, ADP/GDP/CDP/UDP => dATP/dGTP/dCTP/dUTP	Pathway modules; Nucleotide metabolism; Purine metabolism
M00060	disease_status	Healthy	-0.44117177460922646	0.357343704092789	0.24520797693305216	0.4593316606133108	12	10	M00060: KDO2-lipid A biosynthesis, Raetz pathway, LpxL-LpxM type	Pathway modules; Glycan metabolism; Lipopolysaccharide metabolism
M00061	disease_status	Healthy	0.2799551040286836	0.35755343514856497	0.45178617825187783	0.6265979155654186	12	6	M00061: D-Glucuronate degradation, D-glucuronate => pyruvate + D-glyceraldehyde 3P	Pathway modules; Carbohydrate metabolism; Other carbohydrate metabolism
M00063	disease_status	Healthy	-0.6596388788195098	0.4005079209576097	0.13057750948185073	0.30952246790842575	12	9	M00063: CMP-KDO biosynthesis	Pathway modules; Glycan metabolism; Lipopolysaccharide metabolism
M00064	disease_status	Healthy	-0.18308670800700125	0.4259142966597676	0.67640764738816	0.840939237293388	12	8	M00064: ADP-L-glycero-D-manno-heptose biosynthesis	Pathway modules; Glycan metabolism; Lipopolysaccharide metabolism
M00066	disease_status	Healthy	-0.8771199203710623	0.4035147896341753	0.05482618975265049	0.1796452766538792	12	4	M00066: Lactosylceramide biosynthesis	Pathway modules; Lipid metabolism; Lipid metabolism
M00076	disease_status	Healthy	1.1322656452558288	0.31609924709785797	0.004995115887360283	0.04984550511081083	12	3	M00076: Dermatan sulfate degradation	Pathway modules; Glycan metabolism; Glycosaminoglycan metabolism
M00077	disease_status	Healthy	1.1263254402993121	0.3213913329473066	0.005683339128992658	0.04984550511081083	12	3	M00077: Chondroitin sulfate degradation	Pathway modules; Glycan metabolism; Glycosaminoglycan metabolism
M00078	disease_status	Healthy	0.7307915552781297	0.2415803660149945	0.01278483827374509	0.07351282007403427	12	1	M00078: Heparan sulfate degradation	Pathway modules; Glycan metabolism; Glycosaminoglycan metabolism
M00079	disease_status	Healthy	-0.587959806844495	0.3927756448943691	0.16529004889840732	0.35921301965323166	12	8	M00079: Keratan sulfate degradation	Pathway modules; Glycan metabolism; Glycosaminoglycan metabolism
M00081	disease_status	Healthy	-1.216950723189357	0.28642142725181907	0.0016926810649767992	0.03248842103636595	12	7	M00081: Pectin degradation	Pathway modules; Carbohydrate metabolism; Other carbohydrate metabolism
M00082	disease_status	Healthy	0.8601931984612868	0.39029204316102156	0.05208955112896134	0.17532580623894303	12	6	M00082: Fatty acid biosynthesis, initiation	Pathway modules; Lipid metabolism; Fatty acid metabolism
M00083	disease_status	Healthy	0.8836875735715649	0.26779064224593235	0.008014587137966149	0.06256116951754297	12	4	M00083: Fatty acid biosynthesis, elongation	Pathway modules; Lipid metabolism; Fatty acid metabolism
M00086	disease_status	Healthy	0.0953292985862384	0.4618352702220588	0.84060951993917	0.9393045647903276	12	7	M00086: beta-Oxidation, acyl-CoA synthesis	Pathway modules; Lipid metabolism; Fatty acid metabolism
M00087	disease_status	Healthy	-0.3875690988162999	0.35423641860879185	0.29956551837349565	0.5200005224596529	12	9	M00087: beta-Oxidation	Pathway modules; Lipid metabolism; Fatty acid metabolism
M00088	disease_status	Healthy	-0.05855905813918958	0.2977741019857886	0.8480359755780834	0.9393067810212933	12	11	M00088: Ketone body biosynthesis, acetyl-CoA => acetoacetate/3-hydroxybutyrate/acetone	Pathway modules; Lipid metabolism; Lipid metabolism
M00089	disease_status	Healthy	-0.39058349849137813	0.4249532922543749	0.3796686659019517	0.570301920415607	12	9	M00089: Triacylglycerol biosynthesis	Pathway modules; Lipid metabolism; Lipid metabolism
M00090	disease_status	Healthy	0.4465913611753153	0.34210498852027427	0.220984113764574	0.43256464822001717	12	2	M00090: Phosphatidylcholine (PC) biosynthesis, choline => PC	Pathway modules; Lipid metabolism; Lipid metabolism
M00091	disease_status	Healthy	-0.5322862878677544	0.40516235284903535	0.21826703211379006	0.43256464822001717	12	3	M00091: Phosphatidylcholine (PC) biosynthesis, PE => PC	Pathway modules; Lipid metabolism; Lipid metabolism
M00093	disease_status	Healthy	-0.2553863954723003	0.35064997309295026	0.48312227161710053	0.6601076582491077	12	10	M00093: Phosphatidylethanolamine (PE) biosynthesis, PA => PS => PE	Pathway modules; Lipid metabolism; Lipid metabolism
M00094	disease_status	Healthy	-0.6228926640476022	0.38013345249553876	0.1323320696130226	0.30952246790842575	12	6	M00094: Ceramide biosynthesis	Pathway modules; Lipid metabolism; Lipid metabolism
M00095	disease_status	Healthy	-0.28964040353520837	0.28659469931167664	0.3360229176812938	0.5520376504764112	12	11	M00095: C5 isoprenoid biosynthesis, mevalonate pathway	Pathway modules; Biosynthesis of terpenoids and polyketides; Terpenoid backbone biosynthesis
M00096	disease_status	Healthy	0.23197680735232676	0.290406853922124	0.4429650065514462	0.6174663727686827	12	6	M00096: C5 isoprenoid biosynthesis, non-mevalonate pathway	Pathway modules; Biosynthesis of terpenoids and polyketides; Terpenoid backbone biosynthesis
M00097	disease_status	Healthy	0.3100005066608364	0.3638938739759723	0.41420654579122806	0.5954219095748904	12	3	M00097: beta-Carotene biosynthesis, GGAP => beta-carotene	Pathway modules; Biosynthesis of terpenoids and polyketides; Plant terpenoid biosynthesis
M00099	disease_status	Healthy	-0.5781630441962275	0.37516148080208644	0.15431656656222453	0.3462713200908453	12	6	M00099: Sphingosine biosynthesis	Pathway modules; Lipid metabolism; Lipid metabolism
M00101	disease_status	Healthy	0.592362460531002	0.3216518765546244	0.09534441023098059	0.2631505722375064	12	6	M00101: Cholesterol biosynthesis, FPP => cholesterol	Pathway modules; Lipid metabolism; Sterol biosynthesis
M00102	disease_status	Healthy	0.6220714453049186	0.32257846158120795	0.08264818194631056	0.2327642675222624	12	6	M00102: Ergocalciferol biosynthesis, FPP => ergosterol/ergocalciferol	Pathway modules; Lipid metabolism; Sterol biosynthesis
M00114	disease_status	Healthy	-0.7916160635252635	0.3076174669371716	0.027729516651398906	0.11850877982852231	12	7	M00114: Ascorbate biosynthesis, plants, fructose-6P => ascorbate	Pathway modules; Carbohydrate metabolism; Other carbohydrate metabolism
M00115	disease_status	Healthy	-0.3523799899090696	0.30638585408647034	0.2768563397926295	0.49618408949847886	12	11	M00115: NAD biosynthesis, aspartate => quinolinate => NAD	Pathway modules; Metabolism of cofactors and vitamins; Cofactor and vitamin metabolism
M00116	disease_status	Healthy	0.456646639872783	0.40444568193779834	0.28522613153801807	0.5046308481057242	12	7	M00116: Menaquinone biosynthesis, chorismate (+ polyprenyl-PP) => menaquinol	Pathway modules; Metabolism of cofactors and vitamins; Cofactor and vitamin metabolism
M00117	disease_status	Healthy	0.16789999669801028	0.4146689729723822	0.694075750982581	0.8519937422206714	12	9	M00117: Ubiquinone biosynthesis, prokaryotes, chorismate (+ polyprenyl-PP) => ubiquinol	Pathway modules; Metabolism of cofactors and vitamins; Cofactor and vitamin metabolism
M00118	disease_status	Healthy	-1.5602950056109735	0.08060324702463416	2.952072622222832e-9	8.147720437335016e-7	12	6	M00118: Glutathione biosynthesis, glutamate => glutathione	Pathway modules; Amino acid metabolism; Other amino acid metabolism
M00119	disease_status	Healthy	0.3169286068549238	0.3056135408638853	0.3241502412732503	0.5417560776111379	12	3	M00119: Pantothenate biosynthesis, valine/L-aspartate => pantothenate	Pathway modules; Metabolism of cofactors and vitamins; Cofactor and vitamin metabolism
M00120	disease_status	Healthy	-0.15177695805179714	0.3150340103959496	0.6403323762404804	0.8069942275907425	12	11	M00120: Coenzyme A biosynthesis, pantothenate => CoA	Pathway modules; Metabolism of cofactors and vitamins; Cofactor and vitamin metabolism
M00121	disease_status	Healthy	0.007462516790469848	0.4118491818455319	0.9858999206121875	0.993096270397678	12	8	M00121: Heme biosynthesis, plants and bacteria, glutamate => heme	Pathway modules; Metabolism of cofactors and vitamins; Cofactor and vitamin metabolism
M00122	disease_status	Healthy	0.45089884518190043	0.2807790261641993	0.13937973570480192	0.32013653020731725	12	5	M00122: Cobalamin biosynthesis, cobyrinate a,c-diamide => cobalamin	Pathway modules; Metabolism of cofactors and vitamins; Cofactor and vitamin metabolism
M00123	disease_status	Healthy	-0.3692918585390629	0.3705849156703883	0.3425035108158815	0.5560645234422547	12	10	M00123: Biotin biosynthesis, pimeloyl-ACP/CoA => biotin	Pathway modules; Metabolism of cofactors and vitamins; Cofactor and vitamin metabolism
M00124	disease_status	Healthy	-0.9079314309587223	0.3518976182708513	0.027411551530722233	0.11850877982852231	12	8	M00124: Pyridoxal-P biosynthesis, erythrose-4P => pyridoxal-P	Pathway modules; Metabolism of cofactors and vitamins; Cofactor and vitamin metabolism
M00125	disease_status	Healthy	-0.2166027507188443	0.2914596472126964	0.47447881895190935	0.6526103621932849	12	9	M00125: Riboflavin biosynthesis, plants and bacteria, GTP => riboflavin/FMN/FAD	Pathway modules; Metabolism of cofactors and vitamins; Cofactor and vitamin metabolism
M00126	disease_status	Healthy	-0.011430281054747023	0.31223290020117733	0.9715178912245903	0.9910198587154312	12	11	M00126: Tetrahydrofolate biosynthesis, GTP => THF	Pathway modules; Metabolism of cofactors and vitamins; Cofactor and vitamin metabolism
M00127	disease_status	Healthy	-0.17701573567512957	0.30698513981855474	0.5769401957999922	0.7494500344543703	12	11	M00127: Thiamine biosynthesis, prokaryotes, AIR (+ DXP/tyrosine) => TMP/TPP	Pathway modules; Metabolism of cofactors and vitamins; Cofactor and vitamin metabolism
M00129	disease_status	Healthy	-0.663449765548087	0.3693933893240516	0.10271045711401382	0.2752241375093963	12	8	M00129: Ascorbate biosynthesis, animals, glucose-1P => ascorbate	Pathway modules; Carbohydrate metabolism; Other carbohydrate metabolism
M00131	disease_status	Healthy	-0.018834545288228505	0.3634809776105351	0.9596948712324047	0.9910198587154312	12	10	M00131: Inositol phosphate metabolism, Ins(1,3,4,5)P4 => Ins(1,3,4)P3 => myo-inositol	Pathway modules; Carbohydrate metabolism; Other carbohydrate metabolism
M00132	disease_status	Healthy	-0.3860367351904305	0.3936870599028329	0.3499332389979263	0.5582749940082523	12	3	M00132: Inositol phosphate metabolism, Ins(1,3,4)P3 => phytate	Pathway modules; Carbohydrate metabolism; Other carbohydrate metabolism
M00133	disease_status	Healthy	0.43504071439235764	0.3907917863400986	0.2916531742268687	0.5095814953720714	12	9	M00133: Polyamine biosynthesis, arginine => agmatine => putrescine => spermidine	Pathway modules; Amino acid metabolism; Polyamine biosynthesis
M00134	disease_status	Healthy	0.2249968773607905	0.39772666650976246	0.5840622606953352	0.7497729486135465	12	9	M00134: Polyamine biosynthesis, arginine => ornithine => putrescine	Pathway modules; Amino acid metabolism; Polyamine biosynthesis
M00135	disease_status	Healthy	0.3789698865168203	0.4267998601306381	0.3954315105687545	0.5822797119051316	12	4	M00135: GABA biosynthesis, eukaryotes, putrescine => GABA	Pathway modules; Amino acid metabolism; Polyamine biosynthesis
M00136	disease_status	Healthy	0.5003182069856204	0.3448113022825067	0.17741763810055866	0.3737959398149175	12	2	M00136: GABA biosynthesis, prokaryotes, putrescine => GABA	Pathway modules; Amino acid metabolism; Polyamine biosynthesis
M00140	disease_status	Healthy	-0.4274272327081151	0.35866518728611685	0.2608869038426843	0.48003190307053917	12	10	M00140: C1-unit interconversion, prokaryotes	Pathway modules; Metabolism of cofactors and vitamins; Cofactor and vitamin metabolism
M00141	disease_status	Healthy	-0.7551911954488444	0.38029518482389996	0.075143739660358	0.21566721866774638	12	8	M00141: C1-unit interconversion, eukaryotes	Pathway modules; Metabolism of cofactors and vitamins; Cofactor and vitamin metabolism
M00144	disease_status	Healthy	0.7241070306357105	0.2914348657466096	0.03228594715737229	0.13299882709604108	12	8	M00144: NADH	Pathway modules; Energy metabolism; ATP synthesis
M00149	disease_status	Healthy	0.767323251073811	0.4336559217142364	0.10725179816838715	0.28381805357649115	12	6	M00149: Succinate dehydrogenase, prokaryotes	Pathway modules; Energy metabolism; ATP synthesis
M00150	disease_status	Healthy	-0.018834545288228505	0.3634809776105351	0.9596948712324047	0.9910198587154312	12	10	M00150: Fumarate reductase, prokaryotes	Pathway modules; Energy metabolism; ATP synthesis
M00151	disease_status	Healthy	-0.6607739836440389	0.3873501483745002	0.11884099066878274	0.2968542222574414	12	9	M00151: Cytochrome bc1 complex respiratory unit	Pathway modules; Energy metabolism; ATP synthesis
M00152	disease_status	Healthy	-0.3923491284444471	0.37622559596230526	0.32157020488542365	0.5411791252949812	12	9	M00152: Cytochrome bc1 complex	Pathway modules; Energy metabolism; ATP synthesis
M00153	disease_status	Healthy	-0.30068554918949175	0.365902853344936	0.4303684150657777	0.6113060030401771	12	10	M00153: Cytochrome bd ubiquinol oxidase	Pathway modules; Energy metabolism; ATP synthesis
M00154	disease_status	Healthy	-0.23469564390824577	0.37429506766223886	0.5446862974005945	0.7297738741872043	12	7	M00154: Cytochrome c oxidase	Pathway modules; Energy metabolism; ATP synthesis
M00155	disease_status	Healthy	-0.9095212911968397	0.38040085321905737	0.037896740938790384	0.14731690843811474	12	8	M00155: Cytochrome c oxidase, prokaryotes	Pathway modules; Energy metabolism; ATP synthesis
M00156	disease_status	Healthy	0.5795244358620388	0.26941996937991447	0.05696753468607645	0.18282604155066395	12	1	M00156: Cytochrome c oxidase, cbb3-type	Pathway modules; Energy metabolism; ATP synthesis
M00157	disease_status	Healthy	0.8161409857205397	0.3303543874422549	0.03307645242787101	0.13425148338371173	12	8	M00157: F-type ATPase, prokaryotes and chloroplasts	Pathway modules; Energy metabolism; ATP synthesis
M00158	disease_status	Healthy	-0.439620205822285	0.3817337530812318	0.2762585239605421	0.49618408949847886	12	9	M00158: F-type ATPase, eukaryotes	Pathway modules; Energy metabolism; ATP synthesis
M00159	disease_status	Healthy	0.9199353499248242	0.3837958283200247	0.03751128660333328	0.14731690843811474	12	6	M00159: V/A-type ATPase, prokaryotes	Pathway modules; Energy metabolism; ATP synthesis
M00165	disease_status	Healthy	0.6829677117806547	0.29776059996753085	0.044732730901880145	0.16034069777816778	12	5	M00165: Reductive pentose phosphate cycle (Calvin cycle)	Pathway modules; Energy metabolism; Carbon fixation
M00168	disease_status	Healthy	0.16813433817840498	0.41594683415139083	0.6945601159407647	0.8519937422206714	12	9	M00168: CAM (Crassulacean acid metabolism), dark	Pathway modules; Energy metabolism; Carbon fixation
M00169	disease_status	Healthy	0.6795156090150344	0.2334766621860432	0.015553482594690232	0.08255309992566354	12	11	M00169: CAM (Crassulacean acid metabolism), light	Pathway modules; Energy metabolism; Carbon fixation
M00170	disease_status	Healthy	0.7965246706287004	0.34625724603571945	0.044225393858152426	0.16034069777816778	12	9	M00170: C4-dicarboxylic acid cycle, phosphoenolpyruvate carboxykinase type	Pathway modules; Energy metabolism; Carbon fixation
M00171	disease_status	Healthy	0.8022853612919193	0.31950469188907066	0.030858173366020758	0.12904327043972316	12	8	M00171: C4-dicarboxylic acid cycle, NAD - malic enzyme type	Pathway modules; Energy metabolism; Carbon fixation
M00172	disease_status	Healthy	0.6318720087758274	0.24022392016090843	0.025147218280189832	0.11378085648085891	12	11	M00172: C4-dicarboxylic acid cycle, NADP - malic enzyme type	Pathway modules; Energy metabolism; Carbon fixation
M00173	disease_status	Healthy	0.9623008081721824	0.19904807465606206	6.871162141938676e-4	0.018964407511750745	12	6	M00173: Reductive citrate cycle (Arnon-Buchanan cycle)	Pathway modules; Energy metabolism; Carbon fixation
M00176	disease_status	Healthy	-0.7795886905131164	0.3787827506943203	0.06659414504452577	0.20422204480321235	12	8	M00176: Assimilatory sulfate reduction, sulfate => H2S	Pathway modules; Energy metabolism; Sulfur metabolism
M00307	disease_status	Healthy	0.8993473707818146	0.28776962954306007	0.010777546837665226	0.07327034006779719	12	5	M00307: Pyruvate oxidation, pyruvate => acetyl-CoA	Pathway modules; Carbohydrate metabolism; Central carbohydrate metabolism
M00308	disease_status	Healthy	0.6359465170565551	0.3629517704822423	0.11029633092953499	0.2871866729863364	12	5	M00308: Semi-phosphorylative Entner-Doudoroff pathway, gluconate => glycerate-3P	Pathway modules; Carbohydrate metabolism; Central carbohydrate metabolism
M00309	disease_status	Healthy	0.6564734171376865	0.25547661399526106	0.027909676408891124	0.11850877982852231	12	1	M00309: Non-phosphorylative Entner-Doudoroff pathway, gluconate/galactonate => glycerate	Pathway modules; Carbohydrate metabolism; Central carbohydrate metabolism
M00338	disease_status	Healthy	0.06677252997518811	0.4811967676804014	0.892391732421394	0.956001635166993	12	5	M00338: Cysteine biosynthesis, homocysteine + serine => cysteine	Pathway modules; Amino acid metabolism; Cysteine and methionine metabolism
M00344	disease_status	Healthy	1.1465325211351782	0.19641907899935973	1.6444185706973466e-4	0.0072837869610171795	12	6	M00344: Formaldehyde assimilation, xylulose monophosphate pathway	Pathway modules; Energy metabolism; Methane metabolism
M00345	disease_status	Healthy	0.002996578904196261	0.2923898787645743	0.9920245425201777	0.9956319044929783	12	11	M00345: Formaldehyde assimilation, ribulose monophosphate pathway	Pathway modules; Energy metabolism; Methane metabolism
M00346	disease_status	Healthy	-0.006771443545472444	0.2963604363256977	0.9822204790174396	0.9930141106549938	12	11	M00346: Formaldehyde assimilation, serine pathway	Pathway modules; Energy metabolism; Methane metabolism
M00356	disease_status	Healthy	0.7305333204044241	0.33691014036779776	0.05532553809992656	0.1796452766538792	12	3	M00356: Methanogenesis, methanol => methane	Pathway modules; Energy metabolism; Methane metabolism
M00357	disease_status	Healthy	1.1182752229730961	0.2684314001018835	0.0019303254253665424	0.033298113587572856	12	5	M00357: Methanogenesis, acetate => methane	Pathway modules; Energy metabolism; Methane metabolism
M00364	disease_status	Healthy	-0.13579325415075547	0.30423558130397893	0.66485958219468555	0.8303223741435892	12	11	M00364: C10-C20 isoprenoid biosynthesis, bacteria	Pathway modules; Biosynthesis of terpenoids and polyketides; Terpenoid backbone biosynthesis
M00365	disease_status	Healthy	-0.39865426302797935	0.4025038253979756	0.345320597807119	0.5573595613728938	12	9	M00365: C10-C20 isoprenoid biosynthesis, archaea	Pathway modules; Biosynthesis of terpenoids and polyketides; Terpenoid backbone biosynthesis
M00366	disease_status	Healthy	-0.0934001998150933	0.30163189145099273	0.7631835872819153	0.8857909973234801	12	11	M00366: C10-C20 isoprenoid biosynthesis, plants	Pathway modules; Biosynthesis of terpenoids and polyketides; Terpenoid backbone biosynthesis
M00367	disease_status	Healthy	-0.3420367529363658	0.39915534307742484	0.41156381448522983	0.5954219095748904	12	9	M00367: C10-C20 isoprenoid biosynthesis, non-plant eukaryotes	Pathway modules; Biosynthesis of terpenoids and polyketides; Terpenoid backbone biosynthesis
M00368	disease_status	Healthy	-0.06173915369640907	0.36656919956868594	0.869607290929631	0.9417096782518153	12	10	M00368: Ethylene biosynthesis, methionine => ethylene	Pathway modules; Amino acid metabolism; Cysteine and methionine metabolism
M00373	disease_status	Healthy	-0.02636282801554773	0.33059371126884707	0.9380142285830269	0.9910198587154312	12	10	M00373: Ethylmalonyl pathway	Pathway modules; Carbohydrate metabolism; Other carbohydrate metabolism
M00374	disease_status	Healthy	0.7872514583237393	0.2807608829867655	0.018666257308901278	0.08882563822856471	12	5	M00374: Dicarboxylate-hydroxybutyrate cycle	Pathway modules; Energy metabolism; Carbon fixation
M00375	disease_status	Healthy	4.4447482753866947e-4	0.3730776654540669	0.9990728534411608	0.9990728534411608	12	5	M00375: Hydroxypropionate-hydroxybutylate cycle	Pathway modules; Energy metabolism; Carbon fixation
M00376	disease_status	Healthy	0.6281647020465474	0.3824190745307234	0.13149454626186022	0.30952246790842575	12	6	M00376: 3-Hydroxypropionate bi-cycle	Pathway modules; Energy metabolism; Carbon fixation
M00377	disease_status	Healthy	-0.14611093117489396	0.37674058322225984	0.7062699197940598	0.8549583239612303	12	10	M00377: Reductive acetyl-CoA pathway (Wood-Ljungdahl pathway)	Pathway modules; Energy metabolism; Carbon fixation
M00416	disease_status	Healthy	0.31567937221921455	0.3203390696598655	0.3476436721392552	0.5578468227350839	12	2	M00416: Cytochrome aa3-600 menaquinol oxidase	Pathway modules; Energy metabolism; ATP synthesis
M00417	disease_status	Healthy	-0.763396615374697	0.3770588140329988	0.07043612478506382	0.21130837435519145	12	8	M00417: Cytochrome o ubiquinol oxidase	Pathway modules; Energy metabolism; ATP synthesis
M00418	disease_status	Healthy	0.4045736438748124	0.32148754514145755	0.23681880593151783	0.4539027113687425	12	3	M00418: Toluene degradation, anaerobic, toluene => benzoyl-CoA	Pathway modules; Xenobiotics biodegradation; Aromatics degradation
M00432	disease_status	Healthy	-0.0374754539944203	0.32316874482267666	0.9099779417408871	0.9697062236312156	12	11	M00432: Leucine biosynthesis, 2-oxoisovalerate => 2-oxoisocaproate	Pathway modules; Amino acid metabolism; Branched-chain amino acid metabolism
M00525	disease_status	Healthy	1.05247277609137	0.17608548157924625	1.3621823507181435e-4	0.0072837869610171795	12	8	M00525: Lysine biosynthesis, acetyl-DAP pathway, aspartate => lysine	Pathway modules; Amino acid metabolism; Lysine metabolism
M00526	disease_status	Healthy	0.7047121697487174	0.24842934794533214	0.01764887135670636	0.08782188107147389	12	9	M00526: Lysine biosynthesis, DAP dehydrogenase pathway, aspartate => lysine	Pathway modules; Amino acid metabolism; Lysine metabolism
M00527	disease_status	Healthy	0.9901680401247908	0.19284883225173025	4.4132423469648674e-4	0.015225686097028792	12	5	M00527: Lysine biosynthesis, DAP aminotransferase pathway, aspartate => lysine	Pathway modules; Amino acid metabolism; Lysine metabolism
M00529	disease_status	Healthy	0.1944555281521981	0.3659652223763897	0.6067765420645803	0.7717526525798349	12	6	M00529: Denitrification, nitrate => nitrogen	Pathway modules; Energy metabolism; Nitrogen metabolism
M00530	disease_status	Healthy	-1.4420519597192407	0.14116673874215452	1.307247976268832e-6	1.2026681381673255e-4	12	6	M00530: Dissimilatory nitrate reduction, nitrate => ammonia	Pathway modules; Energy metabolism; Nitrogen metabolism
M00532	disease_status	Healthy	-0.5676026191925453	0.36642590054424484	0.15241785522603984	0.3448141642818606	12	10	M00532: Photorespiration	Pathway modules; Carbohydrate metabolism; Other carbohydrate metabolism
M00535	disease_status	Healthy	-0.39700856759354675	0.3842416907629511	0.325838800302351	0.5417560776111379	12	9	M00535: Isoleucine biosynthesis, pyruvate => 2-oxobutanoate	Pathway modules; Amino acid metabolism; Branched-chain amino acid metabolism
M00537	disease_status	Healthy	0.8926090657966298	0.2887327300294096	0.011415306604765503	0.07327034006779719	12	2	M00537: Xylene degradation, xylene => methylbenzoate	Pathway modules; Xenobiotics biodegradation; Aromatics degradation
M00538	disease_status	Healthy	0.8926090657966298	0.2887327300294096	0.011415306604765503	0.07327034006779719	12	2	M00538: Toluene degradation, toluene => benzoate	Pathway modules; Xenobiotics biodegradation; Aromatics degradation
M00540	disease_status	Healthy	0.29823325941478196	0.3256394716640534	0.38130630151103395	0.570301920415607	12	2	M00540: Benzoate degradation, cyclohexanecarboxylic acid =>pimeloyl-CoA	Pathway modules; Xenobiotics biodegradation; Aromatics degradation
M00541	disease_status	Healthy	0.568074775354397	0.28203980791959166	0.07167490365248305	0.21207925145184253	12	2	M00541: Benzoyl-CoA degradation, benzoyl-CoA => 3-hydroxypimeloyl-CoA	Pathway modules; Xenobiotics biodegradation; Aromatics degradation
M00545	disease_status	Healthy	0.6731560538974829	0.24622998111907762	0.021053787694879214	0.09684742339644438	12	1	M00545: Trans-cinnamate degradation, trans-cinnamate => acetyl-CoA	Pathway modules; Xenobiotics biodegradation; Aromatics degradation
M00546	disease_status	Healthy	0.6555648463543103	0.32692242776714475	0.07274729291644953	0.21207925145184253	12	6	M00546: Purine degradation, xanthine => urea	Pathway modules; Nucleotide metabolism; Purine metabolism
M00549	disease_status	Healthy	0.5862884873638341	0.3496891211213166	0.12455408573553817	0.3028681725261932	12	6	M00549: Nucleotide sugar biosynthesis, glucose => UDP-glucose	Pathway modules; Carbohydrate metabolism; Other carbohydrate metabolism
M00550	disease_status	Healthy	0.011057412044249341	0.36857887895409464	0.9766572520673815	0.9910198587154312	12	5	M00550: Ascorbate degradation, ascorbate => D-xylulose-5P	Pathway modules; Carbohydrate metabolism; Other carbohydrate metabolism
M00552	disease_status	Healthy	0.9818485546485924	0.25305106969100966	0.0030587285609345455	0.04020043251513974	12	6	M00552: D-galactonate degradation, De Ley-Doudoroff pathway, D-galactonate => glycerate-3P	Pathway modules; Carbohydrate metabolism; Other carbohydrate metabolism
M00554	disease_status	Healthy	-0.6055816964986638	0.36236760427627396	0.12563795722924784	0.3028681725261932	12	9	M00554: Nucleotide sugar biosynthesis, galactose => UDP-galactose	Pathway modules; Carbohydrate metabolism; Other carbohydrate metabolism
M00555	disease_status	Healthy	-0.11183956915527377	0.40917253965699907	0.7901607507410451	0.9049143867407818	12	2	M00555: Betaine biosynthesis, choline => betaine	Pathway modules; Amino acid metabolism; Serine and threonine metabolism
M00563	disease_status	Healthy	0.757428589581282	0.3257127626431256	0.04237751844882353	0.15689501766164932	12	3	M00563: Methanogenesis, methylamine/dimethylamine/trimethylamine => methane	Pathway modules; Energy metabolism; Methane metabolism
M00564	disease_status	Healthy	-0.8446980820503156	0.24172081682757707	0.005779188998354879	0.04984550511081083	12	6	M00564: Helicobacter pylori pathogenicity signature, cagA pathogenicity island	Signature modules; Gene set; Pathogenicity
M00565	disease_status	Healthy	0.0980003572117524	0.3173909652614221	0.7638342658079285	0.8857909973234801	12	11	M00565: Trehalose biosynthesis, D-glucose 1P => trehalose	Pathway modules; Carbohydrate metabolism; Other carbohydrate metabolism
M00567	disease_status	Healthy	0.8371983012911212	0.295916093727568	0.01787719192396964	0.08782188107147389	12	4	M00567: Methanogenesis, CO2 => methane	Pathway modules; Energy metabolism; Methane metabolism
M00568	disease_status	Healthy	0.2989612296935757	0.3188773142880295	0.37056995203845555	0.5682072597922986	12	2	M00568: Catechol ortho-cleavage, catechol => 3-oxoadipate	Pathway modules; Xenobiotics biodegradation; Aromatics degradation
M00569	disease_status	Healthy	-0.7557519600988654	0.32548852018721514	0.04263451566892644	0.15689501766164932	12	8	M00569: Catechol meta-cleavage, catechol => acetyl-CoA / 4-methylcatechol => propanoyl-CoA	Pathway modules; Xenobiotics biodegradation; Aromatics degradation
M00570	disease_status	Healthy	-0.011976759487235757	0.3089417920883628	0.9698391477601149	0.9910198587154312	12	11	M00570: Isoleucine biosynthesis, threonine => 2-oxobutanoate => isoleucine	Pathway modules; Amino acid metabolism; Branched-chain amino acid metabolism
M00572	disease_status	Healthy	0.059984414733568275	0.3573984407743982	0.8700578549065685	0.9417096782518153	12	3	M00572: Pimeloyl-ACP biosynthesis, BioC-BioH pathway, malonyl-ACP => pimeloyl-ACP	Pathway modules; Metabolism of cofactors and vitamins; Cofactor and vitamin metabolism
M00573	disease_status	Healthy	-0.3614094356365772	0.35700004186705264	0.33523773441695215	0.5520376504764112	12	10	M00573: Biotin biosynthesis, BioI pathway, long-chain-acyl-ACP => pimeloyl-ACP => biotin	Pathway modules; Metabolism of cofactors and vitamins; Cofactor and vitamin metabolism
M00575	disease_status	Healthy	-1.1330686688858191	0.3238764677378343	0.00574126446530053	0.04984550511081083	12	5	M00575: Pertussis pathogenicity signature, T1SS	Signature modules; Gene set; Pathogenicity
M00577	disease_status	Healthy	-0.479513259758593	0.3805131956145649	0.2362188004316258	0.4539027113687425	12	10	M00577: Biotin biosynthesis, BioW pathway, pimelate => pimeloyl-CoA => biotin	Pathway modules; Metabolism of cofactors and vitamins; Cofactor and vitamin metabolism
M00579	disease_status	Healthy	0.021063550145104904	0.294091411924784	0.9443145680376039	0.9910198587154312	12	11	M00579: Phosphate acetyltransferase-acetate kinase pathway, acetyl-CoA => acetate	Pathway modules; Energy metabolism; Carbon fixation
M00580	disease_status	Healthy	-0.8007662416217037	0.3832047074150221	0.06316546164110544	0.19756230517181317	12	8	M00580: Pentose phosphate pathway, archaea, fructose 6P => ribose 5P	Pathway modules; Carbohydrate metabolism; Central carbohydrate metabolism
M00596	disease_status	Healthy	-0.38235937971228384	0.4202689126727568	0.38433390288877867	0.570301920415607	12	5	M00596: Dissimilatory sulfate reduction, sulfate => H2S	Pathway modules; Energy metabolism; Sulfur metabolism
M00609	disease_status	Healthy	-0.15173386313941484	0.32544488198150884	0.651037620114076	0.8167562870522045	12	11	M00609: Cysteine biosynthesis, methionine => cysteine	Pathway modules; Amino acid metabolism; Cysteine and methionine metabolism
M00615	disease_status	Healthy	0.3641434003776356	0.4157649676771897	0.40166554744821503	0.5865592121465997	12	6	M00615: Nitrate assimilation	Signature modules; Module set; Metabolic capacity
M00616	disease_status	Healthy	0.08674595656231097	0.36615038250395543	0.8175066008615325	0.9172025277958658	12	6	M00616: Sulfate-sulfur assimilation	Signature modules; Module set; Metabolic capacity
M00620	disease_status	Healthy	0.1799541031225026	0.33632666717833815	0.6043034067018852	0.7717526525798349	12	5	M00620: Incomplete reductive citrate cycle, acetyl-CoA => oxoglutarate	Pathway modules; Energy metabolism; Carbon fixation
M00621	disease_status	Healthy	-0.6891831741907318	0.3827948387086511	0.10198605349288443	0.2752241375093963	12	9	M00621: Glycine cleavage system	Pathway modules; Amino acid metabolism; Serine and threonine metabolism
M00622	disease_status	Healthy	0.4544747243138906	0.3277802015193813	0.1957185101252862	0.40312170742223136	12	3	M00622: Nicotinate degradation, nicotinate => fumarate	Pathway modules; Metabolism of cofactors and vitamins; Cofactor and vitamin metabolism
M00623	disease_status	Healthy	0.6106596134668497	0.26218271592440173	0.04211205361998299	0.15689501766164932	12	1	M00623: Phthalate degradation, phthalate => protocatechuate	Pathway modules; Xenobiotics biodegradation; Aromatics degradation
M00625	disease_status	Healthy	-0.6547050885724041	0.36088733889686236	0.09972419808868117	0.2725136502225347	12	4	M00625: Methicillin resistance	Signature modules; Gene set; Drug resistance
M00627	disease_status	Healthy	-0.375601388261326	0.39621244863660265	0.3654851685903011	0.5667073400613658	12	9	M00627: beta-Lactam resistance, Bla system	Signature modules; Gene set; Drug resistance
M00631	disease_status	Healthy	-0.2755262897559043	0.3024400350099231	0.38372402760540025	0.570301920415607	12	11	M00631: D-Galacturonate degradation (bacteria), D-galacturonate => pyruvate + D-glyceraldehyde 3P	Pathway modules; Carbohydrate metabolism; Other carbohydrate metabolism
M00632	disease_status	Healthy	-0.07309073608505899	0.2942847793935023	0.808876219324145	0.9172025277958658	12	11	M00632: Galactose degradation, Leloir pathway, galactose => alpha-D-glucose-1P	Pathway modules; Carbohydrate metabolism; Other carbohydrate metabolism
M00641	disease_status	Healthy	0.4412005623542196	0.33118479460591943	0.21236063957758924	0.4247212791551785	12	2	M00641: Multidrug resistance, efflux pump MexEF-OprN	Signature modules; Gene set; Drug resistance
M00642	disease_status	Healthy	0.4746714006057041	0.3347309319985722	0.18657203085451746	0.39010515542308194	12	2	M00642: Multidrug resistance, efflux pump MexJK-OprM	Signature modules; Gene set; Drug resistance
M00643	disease_status	Healthy	-0.8873960985079667	0.2987708613919368	0.014042069804320842	0.07777975100318482	12	5	M00643: Multidrug resistance, efflux pump MexXY-OprM	Signature modules; Gene set; Drug resistance
M00651	disease_status	Healthy	-0.43680792684112857	0.39243416976264506	0.2917169430028525	0.5095814953720714	12	9	M00651: Vancomycin resistance, D-Ala-D-Lac type	Signature modules; Gene set; Drug resistance
M00652	disease_status	Healthy	-1.22440838294031	0.286327122127604	0.0016209266419970306	0.03248842103636595	12	7	M00652: Vancomycin resistance, D-Ala-D-Ser type	Signature modules; Gene set; Drug resistance
M00696	disease_status	Healthy	-0.5194543212008679	0.35184180771812834	0.1706227048927293	0.36224512731071756	12	5	M00696: Multidrug resistance, efflux pump AcrEF-TolC	Signature modules; Gene set; Drug resistance
M00697	disease_status	Healthy	-0.5194543212008679	0.35184180771812834	0.1706227048927293	0.36224512731071756	12	5	M00697: Multidrug resistance, efflux pump MdtEF-TolC	Signature modules; Gene set; Drug resistance
M00698	disease_status	Healthy	0.06562877420590993	0.38969021339153365	0.8696161771323045	0.9417096782518153	12	3	M00698: Multidrug resistance, efflux pump BpeEF-OprC	Signature modules; Gene set; Drug resistance
M00700	disease_status	Healthy	-0.11640596184496477	0.37174092822439936	0.7606096900470481	0.8857909973234801	12	10	M00700: Multidrug resistance, efflux pump AbcA	Signature modules; Gene set; Drug resistance
M00704	disease_status	Healthy	0.8692496741272749	0.31142271739091043	0.019079756325151624	0.08925445331765844	12	2	M00704: Tetracycline resistance, efflux pump Tet38	Signature modules; Gene set; Drug resistance
M00705	disease_status	Healthy	-1.0041702720728973	0.3107678171765605	0.009001779346774083	0.06370489999255505	12	5	M00705: Multidrug resistance, efflux pump MepA	Signature modules; Gene set; Drug resistance
M00718	disease_status	Healthy	-0.4919523980804531	0.40897624942313365	0.2567258952131269	0.4755459535491478	12	7	M00718: Multidrug resistance, efflux pump MexAB-OprM	Signature modules; Gene set; Drug resistance
M00725	disease_status	Healthy	-0.44883209091186044	0.3434346378391843	0.2205029740518336	0.43256464822001717	12	6	M00725: Cationic antimicrobial peptide (CAMP) resistance, dltABCD operon	Signature modules; Gene set; Drug resistance
M00726	disease_status	Healthy	-0.8041129405745163	0.3775002324748033	0.0590114062974448	0.18720859928844558	12	8	M00726: Cationic antimicrobial peptide (CAMP) resistance, lysyl-phosphatidylglycerol (L-PG) synthase MprF	Signature modules; Gene set; Drug resistance
M00730	disease_status	Healthy	-0.3513830612457109	0.3686640950660802	0.3629968657387296	0.5667073400613658	12	3	M00730: Cationic antimicrobial peptide (CAMP) resistance, VraFG transporter	Signature modules; Gene set; Drug resistance
M00740	disease_status	Healthy	0.4508442142093991	0.33174629477238504	0.20400496124828746	0.4140100684156422	12	6	M00740: Methylaspartate cycle	Pathway modules; Carbohydrate metabolism; Other carbohydrate metabolism
M00741	disease_status	Healthy	-0.13974405871475193	0.37954132422452685	0.7204044471882018	0.8637314396280799	12	7	M00741: Propanoyl-CoA metabolism, propanoyl-CoA => succinyl-CoA	Pathway modules; Carbohydrate metabolism; Other carbohydrate metabolism
M00744	disease_status	Healthy	-1.4865573692314766	0.1074262668270518	7.568875177391313e-8	1.0445047744800012e-5	12	6	M00744: Cationic antimicrobial peptide (CAMP) resistance, protease PgtE	Signature modules; Gene set; Drug resistance
M00745	disease_status	Healthy	0.3641434003776354	0.3635140519908171	0.3400961757097184	0.5554233402123211	12	2	M00745: Imipenem resistance, repression of porin OprD	Signature modules; Gene set; Drug resistance
M00761	disease_status	Healthy	0.26316047017697486	0.32533151626261975	0.4373949547526764	0.6127969924453741	12	1	M00761: Undecaprenylphosphate alpha-L-Ara4N biosynthesis, UDP-GlcA => undecaprenyl phosphate alpha-L-Ara4N	Pathway modules; Carbohydrate metabolism; Other carbohydrate metabolism
M00763	disease_status	Healthy	0.49222290765122406	0.32494803858347915	0.16077883340231622	0.35218220650031173	12	4	M00763: Ornithine biosynthesis, mediated by LysW, glutamate => ornithine	Pathway modules; Amino acid metabolism; Arginine and proline metabolism
M00769	disease_status	Healthy	0.7339414131385071	0.2408496765408981	0.012308268628425973	0.07351282007403427	12	1	M00769: Multidrug resistance, efflux pump MexPQ-OpmE	Signature modules; Gene set; Drug resistance
M00778	disease_status	Healthy	-0.5377770118161043	0.3525445253766143	0.15813910348692342	0.3519870367934747	12	4	M00778: Type II polyketide backbone biosynthesis, acyl-CoA + malonyl-CoA => polyketide	Pathway modules; Biosynthesis of terpenoids and polyketides; Type II polyketide biosynthesis
M00793	disease_status	Healthy	0.7345610993036482	0.31059443228098854	0.039612688630883144	0.15184863975171872	12	4	M00793: dTDP-L-rhamnose biosynthesis	Pathway modules; Biosynthesis of terpenoids and polyketides; Polyketide sugar unit biosynthesis
M00804	disease_status	Healthy	-0.259176856168211	0.3865339333615566	0.5177147332857063	0.7004375803277203	12	4	M00804: Complete nitrification, comammox, ammonia => nitrite => nitrate	Pathway modules; Energy metabolism; Nitrogen metabolism
M00811	disease_status	Healthy	0.7592937385561717	0.2331670674936509	0.00862599918835498	0.06265199410489407	12	1	M00811: Nicotine degradation, pyrrolidine pathway, nicotine => succinate semialdehyde	Pathway modules; Metabolism of cofactors and vitamins; Cofactor and vitamin metabolism
M00840	disease_status	Healthy	-1.1856108876747145	0.3158932990562037	0.003763966735557397	0.04516760082668877	12	7	M00840: Tetrahydrofolate biosynthesis, mediated by ribA and trpF, GTP => THF	Pathway modules; Metabolism of cofactors and vitamins; Cofactor and vitamin metabolism
M00841	disease_status	Healthy	-0.07568371351123929	0.3112835157557061	0.8128159855943808	0.9172025277958658	12	11	M00841: Tetrahydrofolate biosynthesis, mediated by PTPS, GTP => THF	Pathway modules; Metabolism of cofactors and vitamins; Cofactor and vitamin metabolism
M00842	disease_status	Healthy	-0.6726818032976213	0.38933172903070185	0.11472390930091933	0.2904935685050801	12	6	M00842: Tetrahydrobiopterin biosynthesis, GTP => BH4	Pathway modules; Metabolism of cofactors and vitamins; Cofactor and vitamin metabolism
M00843	disease_status	Healthy	-0.6726818032976213	0.38933172903070185	0.11472390930091933	0.2904935685050801	12	6	M00843: L-threo-Tetrahydrobiopterin biosynthesis, GTP => L-threo-BH4	Pathway modules; Metabolism of cofactors and vitamins; Cofactor and vitamin metabolism
M00844	disease_status	Healthy	1.0267844825499626	0.2774685474024836	0.004104814325556097	0.04720536474389511	12	5	M00844: Arginine biosynthesis, ornithine => arginine	Pathway modules; Amino acid metabolism; Arginine and proline metabolism
M00845	disease_status	Healthy	0.3087880709422862	0.36207665831833064	0.41371602328514534	0.5954219095748904	12	10	M00845: Arginine biosynthesis, glutamate => acetylcitrulline => arginine	Pathway modules; Amino acid metabolism; Arginine and proline metabolism
M00846	disease_status	Healthy	-0.2907807449723259	0.35506720068737335	0.43190098040882074	0.6113060030401771	12	10	M00846: Siroheme biosynthesis, glutamyl-tRNA => siroheme	Pathway modules; Metabolism of cofactors and vitamins; Cofactor and vitamin metabolism
M00848	disease_status	Healthy	-0.2199964224079919	0.37483741774818463	0.5702751146580366	0.7494500344543703	12	4	M00848: Aurachin biosynthesis, anthranilate => aurachin A	Pathway modules; Biosynthesis of other secondary metabolites; Biosynthesis of other antibiotics
M00849	disease_status	Healthy	-0.10980642693575825	0.2922955301403437	0.7150090212761129	0.8617575976952276	12	11	M00849: C5 isoprenoid biosynthesis, mevalonate pathway, archaea	Pathway modules; Biosynthesis of terpenoids and polyketides; Terpenoid backbone biosynthesis
M00850	disease_status	Healthy	-0.2270634144161353	0.38731369383886666	0.5707012896672444	0.7494500344543703	12	4	M00850: Vibrio cholerae pathogenicity signature, cholera toxins	Signature modules; Gene set; Pathogenicity
M00854	disease_status	Healthy	-0.0593182648004249	0.3052766165939849	0.8498238440160322	0.9393067810212933	12	11	M00854: Glycogen biosynthesis, glucose-1P => glycogen/starch	Pathway modules; Carbohydrate metabolism; Other carbohydrate metabolism
M00855	disease_status	Healthy	0.840557342568965	0.29356236555992443	0.01686123293195217	0.0861796349855333	12	4	M00855: Glycogen degradation, glycogen => glucose-6P	Pathway modules; Carbohydrate metabolism; Other carbohydrate metabolism
M00860	disease_status	Healthy	0.9270156136657738	0.2838955784137774	0.008497015783149356	0.06265199410489407	12	2	M00860: Bacillus anthracis pathogenicity signature, polyglutamic acid capsule biosynthesis	Signature modules; Gene set; Pathogenicity
M00866	disease_status	Healthy	-0.44117177460922646	0.357343704092789	0.24520797693305216	0.4593316606133108	12	10	M00866: KDO2-lipid A biosynthesis, Raetz pathway, non-LpxL-LpxM type	Pathway modules; Glycan metabolism; Lipopolysaccharide metabolism
M00867	disease_status	Healthy	0.5271662231861949	0.3241652290434031	0.13496139510066252	0.3130197062838896	12	2	M00867: KDO2-lipid A modification pathway	Pathway modules; Glycan metabolism; Lipopolysaccharide metabolism
M00868	disease_status	Healthy	-0.28775288271316435	0.324921533521442	0.39662531100784326	0.5822797119051316	12	11	M00868: Heme biosynthesis, animals and fungi, glycine => heme	Pathway modules; Metabolism of cofactors and vitamins; Cofactor and vitamin metabolism
M00872	disease_status	Healthy	0.8680532366679535	0.21946562976663478	0.002706940859037971	0.038525016875261865	12	2	M00872: O-glycan biosynthesis, mannose type (core M3)	Pathway modules; Glycan metabolism; Glycan biosynthesis
M00873	disease_status	Healthy	0.17239345079536103	0.3001209564235022	0.5783799178941336	0.7494500344543703	12	10	M00873: Fatty acid biosynthesis in mitochondria, animals	Pathway modules; Lipid metabolism; Fatty acid metabolism
M00874	disease_status	Healthy	0.08802420386256458	0.32020120528671936	0.7889869530249641	0.9049143867407818	12	11	M00874: Fatty acid biosynthesis in mitochondria, fungi	Pathway modules; Lipid metabolism; Fatty acid metabolism
M00875	disease_status	Healthy	0.7732037336871208	0.2335771721214144	0.007875719666208309	0.06256116951754297	12	1	M00875: Staphyloferrin B biosynthesis, L-serine => staphyloferrin B	Pathway modules; Biosynthesis of other secondary metabolites; Biosynthesis of other bacterial compounds
M00877	disease_status	Healthy	-0.07490360308133522	0.39301733978995285	0.8526635049117914	0.9393067810212933	12	2	M00877: Kanosamine biosynthesis, glucose 6-phosphate => kanosamine	Pathway modules; Biosynthesis of other secondary metabolites; Biosynthesis of other antibiotics
M00878	disease_status	Healthy	-0.4632708664610689	0.35822623974329254	0.2250053458589247	0.43733433420467055	12	5	M00878: Phenylacetate degradation, phenylaxetate => acetyl-CoA/succinyl-CoA	Pathway modules; Xenobiotics biodegradation; Aromatics degradation
M00880	disease_status	Healthy	-0.35315618844517016	0.36563020461010515	0.3568800431427144	0.5651625468885283	12	3	M00880: Molybdenum cofactor biosynthesis, GTP => molybdenum cofactor	Pathway modules; Metabolism of cofactors and vitamins; Cofactor and vitamin metabolism
M00881	disease_status	Healthy	0.06009032783695753	0.43821633514832453	0.8936537024387109	0.956001635166993	12	7	M00881: Lipoic acid biosynthesis, plants and bacteria, octanoyl-ACP => dihydrolipoyl-E2/H	Pathway modules; Metabolism of cofactors and vitamins; Cofactor and vitamin metabolism
M00882	disease_status	Healthy	0.4043852909741964	0.4368584294137402	0.3764176978838052	0.570301920415607	12	6	M00882: Lipoic acid biosynthesis, eukaryotes, octanoyl-ACP => dihydrolipoyl-H	Pathway modules; Metabolism of cofactors and vitamins; Cofactor and vitamin metabolism
M00883	disease_status	Healthy	-0.41545674192537413	0.3540899607613414	0.2678609486161316	0.48960014449041267	12	9	M00883: Lipoic acid biosynthesis, animals and bacteria, octanoyl-ACP => dihydrolipoyl-H => dihydrolipoyl-E2	Pathway modules; Metabolism of cofactors and vitamins; Cofactor and vitamin metabolism
M00884	disease_status	Healthy	0.4043852909741964	0.4368584294137402	0.3764176978838052	0.570301920415607	12	6	M00884: Lipoic acid biosynthesis, octanoyl-CoA => dihydrolipoyl-E2	Pathway modules; Metabolism of cofactors and vitamins; Cofactor and vitamin metabolism
M00885	disease_status	Healthy	-1.0276360506985835	0.3379846009758132	0.012452332873385933	0.07351282007403427	12	8	M00885: Meromycolic acid biosynthesis, initiation and elongation FAS II (KasA)	Pathway modules; Lipid metabolism; Fatty acid metabolism
M00886	disease_status	Healthy	-1.0418089321086417	0.34362463852077907	0.012637756580190746	0.07351282007403427	12	8	M00886: Meromycolic acid biosynthesis, initiation and elongation FAS II (KasA and KasB)	Pathway modules; Lipid metabolism; Fatty acid metabolism
M00887	disease_status	Healthy	0.11565992196898005	0.36826153916236626	0.7599218657638721	0.8857909973234801	12	3	M00887: Mycolic acid biosynthesis, meromycolic acid + alpha-carboxyacyl-CoA + trehalose => TMM => TDM/mAGP/GMM	Pathway modules; Lipid metabolism; Fatty acid metabolism
M00888	disease_status	Healthy	-1.0991339230357229	0.32254582503214924	0.006684241928863278	0.055904568859583774	12	7	M00888: Galactofuranan biosynthesis, decaprenyl phosphate + UDP-GlcNAc (+ dTDP-Rha/UDP-Galf) => GL-5	Pathway modules; Glycan metabolism; Other polysaccharide metabolism
M00892	disease_status	Healthy	0.7798483707006661	0.3550629940502251	0.05276455657715737	0.1754580435577763	12	6	M00892: UDP-N-acetyl-D-glucosamine biosynthesis, eukaryotes, glucose => UDP-GlcNAc	Pathway modules; Carbohydrate metabolism; Other carbohydrate metabolism
M00895	disease_status	Healthy	-0.20339865544241728	0.32670171774939755	0.5474926631795711	0.7299902175727615	12	11	M00895: Thiamine biosynthesis, prokaryotes, AIR (+ DXP/glycine) => TMP/TPP	Pathway modules; Metabolism of cofactors and vitamins; Cofactor and vitamin metabolism
M00896	disease_status	Healthy	-0.4287946476110476	0.34609225709215247	0.2436520627097083	0.4593316606133108	12	10	M00896: Thiamine biosynthesis, archaea, AIR (+ NAD+) => TMP/TPP	Pathway modules; Metabolism of cofactors and vitamins; Cofactor and vitamin metabolism
M00897	disease_status	Healthy	-0.7470260024539491	0.3583588359051577	0.06370668536337454	0.19756230517181317	12	8	M00897: Thiamine biosynthesis, plants, AIR (+ NAD+) => TMP/thiamine/TPP	Pathway modules; Metabolism of cofactors and vitamins; Cofactor and vitamin metabolism
M00898	disease_status	Healthy	-0.5938659214241361	0.3708194327521688	0.1403497107068311	0.32013653020731725	12	8	M00898: Thiamine biosynthesis, pyridoxal-5P => TMP/thiamine/TPP	Pathway modules; Metabolism of cofactors and vitamins; Cofactor and vitamin metabolism
M00899	disease_status	Healthy	-0.5414222985451741	0.36506368747610835	0.16886685507510893	0.36224512731071756	12	10	M00899: Thiamine salvage pathway, HMP/HET => TMP	Pathway modules; Metabolism of cofactors and vitamins; Cofactor and vitamin metabolism
M00909	disease_status	Healthy	0.8071099012635462	0.3113316748197542	0.026837192907506652	0.11850877982852231	12	7	M00909: UDP-N-acetyl-D-glucosamine biosynthesis, prokaryotes, glucose => UDP-GlcNAc	Pathway modules; Carbohydrate metabolism; Other carbohydrate metabolism
M00911	disease_status	Healthy	-0.21721270172774237	0.37528402716048476	0.5755310391746374	0.7494500344543703	12	9	M00911: Riboflavin biosynthesis, fungi, GTP => riboflavin/FMN/FAD	Pathway modules; Metabolism of cofactors and vitamins; Cofactor and vitamin metabolism
M00912	disease_status	Healthy	-0.609193474396251	0.36513377931080254	0.12619507188591383	0.3028681725261932	12	9	M00912: NAD biosynthesis, tryptophan => quinolinate => NAD	Pathway modules; Metabolism of cofactors and vitamins; Cofactor and vitamin metabolism
M00913	disease_status	Healthy	0.23178820297198624	0.3499648655173664	0.5227375017997737	0.7037831731548174	12	10	M00913: Pantothenate biosynthesis, 2-oxoisovalerate/spermine => pantothenate	Pathway modules; Metabolism of cofactors and vitamins; Cofactor and vitamin metabolism
M00914	disease_status	Healthy	0.7290634880450145	0.20844256178962686	0.005748833145021336	0.04984550511081083	12	3	M00914: Coenzyme A biosynthesis, archaea, 2-oxoisovalerate => 4-phosphopantoate => CoA	Pathway modules; Metabolism of cofactors and vitamins; Cofactor and vitamin metabolism
M00922	disease_status	Healthy	1.1193502855182673	0.3105917186003932	0.004816394670019698	0.04984550511081083	12	3	M00922: CMP-Neu5Ac biosynthesis	Pathway modules; Glycan metabolism; Lipopolysaccharide metabolism
M00923	disease_status	Healthy	-1.1732144906869204	0.32219744663387206	0.004527103363406179	0.04984550511081083	12	7	M00923: UDP-L-FucNAm biosynthesis	Pathway modules; Glycan metabolism; Lipopolysaccharide metabolism
M00924	disease_status	Healthy	-0.01018053292104855	0.3252576426415353	0.9756462641309238	0.9910198587154312	12	9	M00924: Cobalamin biosynthesis, anaerobic, uroporphyrinogen III => sirohydrochlorin => cobyrinate a,c-diamide	Pathway modules; Metabolism of cofactors and vitamins; Cofactor and vitamin metabolism
M00925	disease_status	Healthy	-0.11110048891675268	0.32881345865215367	0.7424372165444932	0.8794535268939061	12	9	M00925: Cobalamin biosynthesis, aerobic, uroporphyrinogen III => precorrin 2 => cobyrinate a,c-diamide	Pathway modules; Metabolism of cofactors and vitamins; Cofactor and vitamin metabolism
M00926	disease_status	Healthy	-0.2592999765751915	0.31057823564563086	0.4232745624541929	0.6053045556339753	12	11	M00926: Heme biosynthesis, bacteria, glutamyl-tRNA => coproporphyrin III => heme	Pathway modules; Metabolism of cofactors and vitamins; Cofactor and vitamin metabolism
M00930	disease_status	Healthy	0.6974756467779933	0.24726536831338863	0.018137127612586998	0.08782188107147389	12	1	M00930: Menaquinone biosynthesis, futalosine pathway	Pathway modules; Metabolism of cofactors and vitamins; Cofactor and vitamin metabolism
M00932	disease_status	Healthy	1.043436572646871	0.24713551022911964	0.0017656750563242365	0.03248842103636595	12	3	M00932: Phylloquinone biosynthesis, chorismate (+ phytyl-PP) => phylloquinol	Pathway modules; Metabolism of cofactors and vitamins; Cofactor and vitamin metabolism
M00938	disease_status	Healthy	0.37061992538145244	0.3181592635842064	0.27110005635719114	0.49226062864858394	12	6	M00938: Pyrimidine deoxyribonucleotide biosynthesis, UDP => dTTP	Pathway modules; Nucleotide metabolism; Pyrimidine metabolism
M00939	disease_status	Healthy	-1.0510410216241983	0.3195367344901285	0.008160152545766474	0.06256116951754297	12	5	M00939: Pyrimidine degradation, uracil => 3-hydroxypropanoate	Pathway modules; Nucleotide metabolism; Pyrimidine metabolism
M00948	disease_status	Healthy	-0.019490603949393625	0.3745560246445933	0.9595243756033303	0.9910198587154312	12	2	M00948: Hydroxyproline degradation, trans-4-hydroxy-L-proline => 2-oxoglutarate	Pathway modules; Amino acid metabolism; Other amino acid metabolism
M00950	disease_status	Healthy	-0.3812479030805832	0.35957061487846076	0.3139513585065795	0.5348800922704688	12	10	M00950: Biotin biosynthesis, BioU pathway, pimeloyl-ACP/CoA => biotin	Pathway modules; Metabolism of cofactors and vitamins; Cofactor and vitamin metabolism
M00953	disease_status	Healthy	0.018460646733537214	0.361049797841612	0.9602284706365798	0.9910198587154312	12	10	M00953: Mugineic acid biosynthesis, methionine => 3-epihydroxymugineic acid	Pathway modules; Biosynthesis of other secondary metabolites; Biosynthesis of phytochemical compounds
M00956	disease_status	Healthy	0.603047528663668	0.30104284877003684	0.07299829307219217	0.21207925145184253	12	10	M00956: Lysine degradation, bacteria, L-lysine => succinate	Pathway modules; Amino acid metabolism; Lysine metabolism
M00957	disease_status	Healthy	0.34670143394436403	0.3222989498073263	0.3073232851308183	0.5272851311216531	12	5	M00957: Lysine degradation, bacteria, L-lysine => glutarate => succinate/acetyl-CoA	Pathway modules; Amino acid metabolism; Lysine metabolism
M00958	disease_status	Healthy	0.4563940892620561	0.3705980051542785	0.24630828177815217	0.4593316606133108	12	6	M00958: Adenine ribonucleotide degradation, AMP => Urate	Pathway modules; Nucleotide metabolism; Purine metabolism
M00959	disease_status	Healthy	-0.05742395157240029	0.3045717437093543	0.8542246450592197	0.9393067810212933	12	11	M00959: Guanine ribonucleotide degradation, GMP => Urate	Pathway modules; Nucleotide metabolism; Purine metabolism
M00968	disease_status	Healthy	0.16131385841654725	0.46574077959489796	0.7362494897713066	0.8758830136934509	12	3	M00968: Pentose bisphosphate pathway (nucleoside degradation), archaea, nucleoside/NMP => 3-PGA/glycerone phosphate	Pathway modules; Carbohydrate metabolism; Other carbohydrate metabolism
M00970	disease_status	Healthy	-0.8171551341217529	0.402957873760812	0.07005086866857095	0.21130837435519145	12	6	M00970: Proline degradation, proline => glutamate	Pathway modules; Amino acid metabolism; Arginine and proline metabolism
M00972	disease_status	Healthy	-0.3714211742017515	0.3857671287023512	0.35834581777352337	0.5651625468885283	12	9	M00972: Proline metabolism	Pathway modules; Amino acid metabolism; Arginine and proline metabolism
M00973	disease_status	Healthy	0.7328184192059293	0.2383436721099951	0.011747732563799598	0.07351282007403427	12	1	M00973: Anammox, nitrite + ammonia => nitrogen	Pathway modules; Energy metabolism; Nitrogen metabolism
M00974	disease_status	Healthy	0.25625211337189574	0.316790299961456	0.4373938661066644	0.6127969924453741	12	2	M00974: Betaine metabolism, animals, betaine => glycine	Pathway modules; Amino acid metabolism; Serine and threonine metabolism
M00975	disease_status	Healthy	-0.021756326912250722	0.3147584316306274	0.9462561748342018	0.9910198587154312	12	11	M00975: Betaine degradation, bacteria, betaine => pyruvate	Pathway modules; Amino acid metabolism; Serine and threonine metabolism
M00978	disease_status	Healthy	1.2126502675435709	0.21083279104601696	1.8473372727217482e-4	0.0072837869610171795	12	5	M00978: Ornithine-ammonia cycle	Pathway modules; Amino acid metabolism; Arginine and proline metabolism
M00982	disease_status	Healthy	0.010787002852164796	0.3264832390953288	0.9742928708238974	0.9910198587154312	12	9	M00982: Methylcitrate cycle	Pathway modules; Carbohydrate metabolism; Other carbohydrate metabolism
M00984	disease_status	Healthy	-0.4532856559622859	0.39927675006734603	0.28274107496568707	0.503461527035675	12	3	M00984: Sulfur oxidation, tetrathionate intermediate (S4I) pathway, thiosulfate => sulfur + sulfate + thiosulfate	Pathway modules; Energy metabolism; Sulfur metabolism
M00986	disease_status	Healthy	-0.18999209413067164	0.3843757305896443	0.6317805992573998	0.7998690155735887	12	2	M00986: Sulfur reduction, sulfur => sulfide	Pathway modules; Energy metabolism; Sulfur metabolism
