module_accession	completeness	pathway_name	pathway_class	matching_ko	missing_ko
M00001	100.0	Glycolysis (Embden-Meyerhof pathway), glucose => pyruvate	Pathway modules; Carbohydrate metabolism; Central carbohydrate metabolism	K00134,K00845,K00850,K00873,K00927,K01624,K01689,K01803,K01810,K01834	
M00002	100.0	Glycolysis, core module involving three-carbon compounds	Pathway modules; Carbohydrate metabolism; Central carbohydrate metabolism	K00134,K00873,K00927,K01689,K01803,K01834	
M00004	100.0	Pentose phosphate pathway (Pentose phosphate cycle)	Pathway modules; Carbohydrate metabolism; Central carbohydrate metabolism	K00033,K00036,K00615,K00616,K01057,K01783,K01807,K01810	
M00005	100.0	PRPP biosynthesis, ribose 5P => PRPP	Pathway modules; Carbohydrate metabolism; Central carbohydrate metabolism	K00948	
M00006	100.0	Pentose phosphate pathway, oxidative phase, glucose 6P => ribulose 5P	Pathway modules; Carbohydrate metabolism; Central carbohydrate metabolism	K00033,K00036,K01057	
M00007	100.0	Pentose phosphate pathway, non-oxidative phase, fructose 6P => ribose 5P	Pathway modules; Carbohydrate metabolism; Central carbohydrate metabolism	K00615,K00616,K01783,K01807	
M00008	100.0	Entner-Doudoroff pathway, glucose-6P => glyceraldehyde-3P + pyruvate	Pathway modules; Carbohydrate metabolism; Central carbohydrate metabolism	K00036,K01057,K01625,K01690	
M00015	100.0	Proline biosynthesis, glutamate => proline	Pathway modules; Amino acid metabolism; Arginine and proline metabolism	K00147,K00286,K00931	
M00017	100.0	Methionine biosynthesis, aspartate => homoserine => methionine	Pathway modules; Amino acid metabolism; Cysteine and methionine metabolism	K00003,K00133,K00549,K00641,K00928,K01739,K01760	
M00018	100.0	Threonine biosynthesis, aspartate => homoserine => threonine	Pathway modules; Amino acid metabolism; Serine and threonine metabolism	K00003,K00133,K00928,K01733,K02204	
M00020	100.0	Serine biosynthesis, glycerate-3P => serine	Pathway modules; Amino acid metabolism; Serine and threonine metabolism	K00058,K00831,K01079	
M00021	100.0	Cysteine biosynthesis, serine => cysteine	Pathway modules; Amino acid metabolism; Cysteine and methionine metabolism	K00640,K01738	
M00022	100.0	Shikimate pathway, phosphoenolpyruvate + erythrose-4P => chorismate	Pathway modules; Amino acid metabolism; Aromatic amino acid metabolism	K00014,K00800,K00891,K01626,K01735,K01736,K03785	
M00023	100.0	Tryptophan biosynthesis, chorismate => tryptophan	Pathway modules; Amino acid metabolism; Aromatic amino acid metabolism	K00766,K01609,K01657,K01658,K01695,K01696,K01817	
M00024	100.0	Phenylalanine biosynthesis, chorismate => phenylpyruvate => phenylalanine	Pathway modules; Amino acid metabolism; Aromatic amino acid metabolism	K00832,K04092,K04518	
M00028	100.0	Ornithine biosynthesis, glutamate => ornithine	Pathway modules; Amino acid metabolism; Arginine and proline metabolism	K00145,K00620,K00821,K00930	
M00035	100.0	Methionine degradation	Pathway modules; Amino acid metabolism; Cysteine and methionine metabolism	K00558,K00789,K01251,K01697	
M00040	100.0	Tyrosine biosynthesis, chorismate => arogenate => tyrosine	Pathway modules; Amino acid metabolism; Aromatic amino acid metabolism	K00220,K00832,K04092	
M00048	100.0	De novo purine biosynthesis, PRPP + glutamine => IMP	Pathway modules; Nucleotide metabolism; Purine metabolism	K00602,K00764,K01756,K01923,K01933,K01945,K01952,K11175	
M00049	100.0	Adenine ribonucleotide biosynthesis, IMP => ADP,ATP	Pathway modules; Nucleotide metabolism; Purine metabolism	K00939,K00940,K01756,K01939	
M00050	100.0	Guanine ribonucleotide biosynthesis, IMP => GDP,GTP	Pathway modules; Nucleotide metabolism; Purine metabolism	K00088,K00940,K00942,K01951	
M00052	100.0	Pyrimidine ribonucleotide biosynthesis, UMP => UDP/UTP,CDP/CTP	Pathway modules; Nucleotide metabolism; Pyrimidine metabolism	K00940,K01937,K09903	
M00053	100.0	Deoxyribonucleotide biosynthesis, ADP/GDP/CDP/UDP => dATP/dGTP/dCTP/dUTP	Pathway modules; Nucleotide metabolism; Purine metabolism	K00525,K00526,K00940	
M00061	100.0	D-Glucuronate degradation, D-glucuronate => pyruvate + D-glyceraldehyde 3P	Pathway modules; Carbohydrate metabolism; Other carbohydrate metabolism	K00040,K00874,K01625,K01686,K01812	
M00082	100.0	Fatty acid biosynthesis, initiation	Pathway modules; Lipid metabolism; Fatty acid metabolism	K00645,K00648,K01961,K01962,K01963,K02160	
M00083	100.0	Fatty acid biosynthesis, elongation	Pathway modules; Lipid metabolism; Fatty acid metabolism	K00059,K00208,K02372,K09458	
M00091	100.0	Phosphatidylcholine (PC) biosynthesis, PE => PC	Pathway modules; Lipid metabolism; Lipid metabolism	K00570	
M00093	100.0	Phosphatidylethanolamine (PE) biosynthesis, PA => PS => PE	Pathway modules; Lipid metabolism; Lipid metabolism	K00981,K01613,K17103	
M00096	100.0	C5 isoprenoid biosynthesis, non-mevalonate pathway	Pathway modules; Biosynthesis of terpenoids and polyketides; Terpenoid backbone biosynthesis	K00099,K00919,K00991,K01662,K01770,K01823,K03526,K03527	
M00115	100.0	NAD biosynthesis, aspartate => quinolinate => NAD	Pathway modules; Metabolism of cofactors and vitamins; Cofactor and vitamin metabolism	K00278,K00767,K00969,K01916,K03517	
M00118	100.0	Glutathione biosynthesis, glutamate => glutathione	Pathway modules; Amino acid metabolism; Other amino acid metabolism	K01919,K01920	
M00120	100.0	Coenzyme A biosynthesis, pantothenate => CoA	Pathway modules; Metabolism of cofactors and vitamins; Cofactor and vitamin metabolism	K00859,K00867,K00954,K01598,K21977	
M00123	100.0	Biotin biosynthesis, pimeloyl-ACP/CoA => biotin	Pathway modules; Metabolism of cofactors and vitamins; Cofactor and vitamin metabolism	K00652,K00833,K01012,K01935	
M00125	100.0	Riboflavin biosynthesis, plants and bacteria, GTP => riboflavin/FMN/FAD	Pathway modules; Metabolism of cofactors and vitamins; Cofactor and vitamin metabolism	K00793,K00794,K02858,K11752,K11753,K14652,K21064	
M00140	100.0	C1-unit interconversion, prokaryotes	Pathway modules; Metabolism of cofactors and vitamins; Cofactor and vitamin metabolism	K00600,K01491,K01938	
M00151	100.0	Cytochrome bc1 complex respiratory unit	Pathway modules; Energy metabolism; ATP synthesis	K00410,K00411	
M00157	100.0	F-type ATPase, prokaryotes and chloroplasts	Pathway modules; Energy metabolism; ATP synthesis	K02108,K02109,K02110,K02111,K02112,K02113,K02114,K02115	
M00307	100.0	Pyruvate oxidation, pyruvate => acetyl-CoA	Pathway modules; Carbohydrate metabolism; Central carbohydrate metabolism	K00161,K00162,K00382,K00627	
M00338	100.0	Cysteine biosynthesis, homocysteine + serine => cysteine	Pathway modules; Amino acid metabolism; Cysteine and methionine metabolism	K01697,K01758	
M00364	100.0	C10-C20 isoprenoid biosynthesis, bacteria	Pathway modules; Biosynthesis of terpenoids and polyketides; Terpenoid backbone biosynthesis	K00795,K01823	
M00417	100.0	Cytochrome o ubiquinol oxidase	Pathway modules; Energy metabolism; ATP synthesis	K02297,K02298,K02299,K02300	
M00432	100.0	Leucine biosynthesis, 2-oxoisovalerate => 2-oxoisocaproate	Pathway modules; Amino acid metabolism; Branched-chain amino acid metabolism	K00052,K01649,K01703,K01704	
M00549	100.0	Nucleotide sugar biosynthesis, glucose => UDP-glucose	Pathway modules; Carbohydrate metabolism; Other carbohydrate metabolism	K00845,K00963,K01835	
M00554	100.0	Nucleotide sugar biosynthesis, galactose => UDP-galactose	Pathway modules; Carbohydrate metabolism; Other carbohydrate metabolism	K00849,K00965	
M00572	100.0	Pimeloyl-ACP biosynthesis, BioC-BioH pathway, malonyl-ACP => pimeloyl-ACP	Pathway modules; Metabolism of cofactors and vitamins; Cofactor and vitamin metabolism	K00059,K00208,K02169,K02170,K02372,K09458	
M00579	100.0	Phosphate acetyltransferase-acetate kinase pathway, acetyl-CoA => acetate	Pathway modules; Energy metabolism; Carbon fixation	K00625,K00925	
M00631	100.0	D-Galacturonate degradation (bacteria), D-galacturonate => pyruvate + D-glyceraldehyde 3P	Pathway modules; Carbohydrate metabolism; Other carbohydrate metabolism	K00041,K00874,K01625,K01685,K01812	
M00632	100.0	Galactose degradation, Leloir pathway, galactose => alpha-D-glucose-1P	Pathway modules; Carbohydrate metabolism; Other carbohydrate metabolism	K00849,K00965,K01784,K01785	
M00793	100.0	dTDP-L-rhamnose biosynthesis	Pathway modules; Biosynthesis of terpenoids and polyketides; Polyketide sugar unit biosynthesis	K00067,K00973,K01710,K01790	
M00844	100.0	Arginine biosynthesis, ornithine => arginine	Pathway modules; Amino acid metabolism; Arginine and proline metabolism	K00611,K01755,K01940	
M00854	100.0	Glycogen biosynthesis, glucose-1P => glycogen/starch	Pathway modules; Carbohydrate metabolism; Other carbohydrate metabolism	K00963,K16150	
M00899	100.0	Thiamine salvage pathway, HMP/HET => TMP	Pathway modules; Metabolism of cofactors and vitamins; Cofactor and vitamin metabolism	K00788,K00878,K00941	
M00909	100.0	UDP-N-acetyl-D-glucosamine biosynthesis, prokaryotes, glucose => UDP-GlcNAc	Pathway modules; Carbohydrate metabolism; Other carbohydrate metabolism	K00820,K00845,K01810,K03431,K04042	
M00938	100.0	Pyrimidine deoxyribonucleotide biosynthesis, UDP => dTTP	Pathway modules; Nucleotide metabolism; Pyrimidine metabolism	K00525,K00526,K00560,K00940,K00943,K01520	
M00970	100.0	Proline degradation, proline => glutamate	Pathway modules; Amino acid metabolism; Arginine and proline metabolism	K13821	
M00051	94.44	De novo pyrimidine biosynthesis, glutamine (+ PRPP) => UMP	Pathway modules; Nucleotide metabolism; Pyrimidine metabolism	K00226,K00609,K00762,K01465,K01591,K01955,K01956	K00610
M00026	91.67	Histidine biosynthesis, PRPP => histidine	Pathway modules; Amino acid metabolism; Histidine metabolism	K00013,K00765,K00817,K01496,K01693,K01814,K02500,K02501,K02502,K18649	K01523
M00570	90.0	Isoleucine biosynthesis, threonine => 2-oxobutanoate => isoleucine	Pathway modules; Amino acid metabolism; Branched-chain amino acid metabolism	K00053,K00826,K01652,K01687,K01754	K01653
M00016	88.89	Lysine biosynthesis, succinyl-DAP pathway, aspartate => lysine	Pathway modules; Amino acid metabolism; Lysine metabolism	K00133,K00674,K00821,K00928,K01439,K01586,K01714,K01778	K00215
M00060	88.89	KDO2-lipid A biosynthesis, Raetz pathway, LpxL-LpxM type	Pathway modules; Glycan metabolism; Lipopolysaccharide metabolism	K00677,K00748,K00912,K02517,K02527,K02535,K02536,K09949	K02560
M00866	88.89	KDO2-lipid A biosynthesis, Raetz pathway, non-LpxL-LpxM type	Pathway modules; Glycan metabolism; Lipopolysaccharide metabolism	K00677,K00748,K00912,K02517,K02527,K02535,K02536,K09949	K09778
M00019	87.5	Valine/isoleucine biosynthesis, pyruvate => valine / 2-oxobutanoate => isoleucine	Pathway modules; Amino acid metabolism; Branched-chain amino acid metabolism	K00053,K00826,K01652,K01687	K01653
M00003	85.71	Gluconeogenesis, oxaloacetate => fructose-6P	Pathway modules; Carbohydrate metabolism; Central carbohydrate metabolism	K00134,K00927,K01624,K01689,K01803,K01834,K11532	K01596
M00095	85.71	C5 isoprenoid biosynthesis, mevalonate pathway	Pathway modules; Biosynthesis of terpenoids and polyketides; Terpenoid backbone biosynthesis	K00626,K00869,K00938,K01597,K01641,K01823	K00021
M00527	85.71	Lysine biosynthesis, DAP aminotransferase pathway, aspartate => lysine	Pathway modules; Amino acid metabolism; Lysine metabolism	K00133,K00928,K01586,K01714,K01778,K10206	K00215
M00176	83.33	Assimilatory sulfate reduction, sulfate => H2S	Pathway modules; Energy metabolism; Sulfur metabolism	K00381,K00390,K00955,K00957	K00380
M00978	83.33	Ornithine-ammonia cycle	Pathway modules; Amino acid metabolism; Arginine and proline metabolism	K00611,K01755,K01915,K01940,K01955,K01956	K27542
M00165	81.82	Reductive pentose phosphate cycle (Calvin cycle)	Pathway modules; Energy metabolism; Carbon fixation	K00134,K00615,K00927,K01624,K01783,K01803,K01807,K11532	K00855,K01601
M00126	80.0	Tetrahydrofolate biosynthesis, GTP => THF	Pathway modules; Metabolism of cofactors and vitamins; Cofactor and vitamin metabolism	K00287,K00796,K01495,K11754,K13940	K01077
M00577	80.0	Biotin biosynthesis, BioW pathway, pimelate => pimeloyl-CoA => biotin	Pathway modules; Metabolism of cofactors and vitamins; Cofactor and vitamin metabolism	K00652,K00833,K01012,K01935	K01906
M00025	75.0	Tyrosine biosynthesis, chorismate => HPP => tyrosine	Pathway modules; Amino acid metabolism; Aromatic amino acid metabolism	K00832,K04092	K04517
M00063	75.0	CMP-KDO biosynthesis	Pathway modules; Glycan metabolism; Lipopolysaccharide metabolism	K00979,K01627,K06041	K03270
M00155	75.0	Cytochrome c oxidase, prokaryotes	Pathway modules; Energy metabolism; ATP synthesis	K02274,K02275	K02276
M00308	75.0	Semi-phosphorylative Entner-Doudoroff pathway, gluconate => glycerate-3P	Pathway modules; Carbohydrate metabolism; Central carbohydrate metabolism	K00134,K00874,K00927,K01625	K05308
M00849	75.0	C5 isoprenoid biosynthesis, mevalonate pathway, archaea	Pathway modules; Biosynthesis of terpenoids and polyketides; Terpenoid backbone biosynthesis	K00054,K00626,K00869,K01641,K01823	K03186,K06981,K09128,K25517,K25518
M00868	75.0	Heme biosynthesis, animals and fungi, glycine => heme	Pathway modules; Metabolism of cofactors and vitamins; Cofactor and vitamin metabolism	K00228,K00643,K01599,K01698,K01749,K01772	K00231,K01719
M00950	75.0	Biotin biosynthesis, BioU pathway, pimeloyl-ACP/CoA => biotin	Pathway modules; Metabolism of cofactors and vitamins; Cofactor and vitamin metabolism	K00652,K01012,K01935	K25570
M00959	75.0	Guanine ribonucleotide degradation, GMP => Urate	Pathway modules; Nucleotide metabolism; Purine metabolism	K01081,K01487,K03783	K00106
M00895	72.22	Thiamine biosynthesis, prokaryotes, AIR (+ DXP/glycine) => TMP/TPP	Pathway modules; Metabolism of cofactors and vitamins; Cofactor and vitamin metabolism	K00788,K00941,K00946,K03147,K03151,K03153,K10810	K03148,K03149,K03154
M00121	70.0	Heme biosynthesis, plants and bacteria, glutamate => heme	Pathway modules; Metabolism of cofactors and vitamins; Cofactor and vitamin metabolism	K00228,K01599,K01698,K01749,K01772,K01885,K08973	K01719,K01845,K02492
M00010	66.67	Citrate cycle, first carbon oxidation, oxaloacetate => 2-oxoglutarate	Pathway modules; Carbohydrate metabolism; Central carbohydrate metabolism	K01647,K01681	K00031
M00081	66.67	Pectin degradation	Pathway modules; Carbohydrate metabolism; Other carbohydrate metabolism	K01051,K01213	K01184
M00087	66.67	beta-Oxidation	Pathway modules; Lipid metabolism; Fatty acid metabolism	K00632,K01782	K00232
M00124	66.67	Pyridoxal-P biosynthesis, erythrose-4P => pyridoxal-P	Pathway modules; Metabolism of cofactors and vitamins; Cofactor and vitamin metabolism	K00097,K00275,K00831,K03474	K03472,K03473
M00133	66.67	Polyamine biosynthesis, arginine => agmatine => putrescine => spermidine	Pathway modules; Amino acid metabolism; Polyamine biosynthesis	K00797,K01611	K01480,K01584
M00135	66.67	GABA biosynthesis, eukaryotes, putrescine => GABA	Pathway modules; Amino acid metabolism; Polyamine biosynthesis	K00128,K00274	K00657
M00153	66.67	Cytochrome bd ubiquinol oxidase	Pathway modules; Energy metabolism; ATP synthesis	K00425,K00426	K00424
M00345	66.67	Formaldehyde assimilation, ribulose monophosphate pathway	Pathway modules; Energy metabolism; Methane metabolism	K00850,K01624	K08093,K08094
M00526	66.67	Lysine biosynthesis, DAP dehydrogenase pathway, aspartate => lysine	Pathway modules; Amino acid metabolism; Lysine metabolism	K00133,K00928,K01586,K01714	K00215,K03340
M00535	66.67	Isoleucine biosynthesis, pyruvate => 2-oxobutanoate	Pathway modules; Amino acid metabolism; Branched-chain amino acid metabolism	K00052,K01703,K01704	K09011
M00621	66.67	Glycine cleavage system	Pathway modules; Amino acid metabolism; Serine and threonine metabolism	K00382,K00605	K00281
M00855	66.67	Glycogen degradation, glycogen => glucose-6P	Pathway modules; Carbohydrate metabolism; Other carbohydrate metabolism	K00688,K01835	K01196
M00913	66.67	Pantothenate biosynthesis, 2-oxoisovalerate/spermine => pantothenate	Pathway modules; Metabolism of cofactors and vitamins; Cofactor and vitamin metabolism	K00128,K00606,K01918	K00077,K13367
M00958	66.67	Adenine ribonucleotide degradation, AMP => Urate	Pathway modules; Nucleotide metabolism; Purine metabolism	K01081,K01488,K03783	K00106
M00034	62.5	Methionine salvage pathway	Pathway modules; Amino acid metabolism; Cysteine and methionine metabolism	K00772,K00789,K00797,K00832,K01611	K08963,K08967,K16054
M00029	60.0	Urea cycle	Pathway modules; Amino acid metabolism; Arginine and proline metabolism	K00611,K01755,K01940	K01476,K01948
M00064	60.0	ADP-L-glycero-D-manno-heptose biosynthesis	Pathway modules; Glycan metabolism; Lipopolysaccharide metabolism	K03272,K03274	K03271,K03273
M00573	60.0	Biotin biosynthesis, BioI pathway, long-chain-acyl-ACP => pimeloyl-ACP => biotin	Pathway modules; Metabolism of cofactors and vitamins; Cofactor and vitamin metabolism	K00652,K01012,K01935	K16593,K19563
M00845	57.14	Arginine biosynthesis, glutamate => acetylcitrulline => arginine	Pathway modules; Amino acid metabolism; Arginine and proline metabolism	K00145,K00821,K01755,K01940	K01438,K09065,K22478
M00117	55.56	Ubiquinone biosynthesis, prokaryotes, chorismate (+ polyprenyl-PP) => ubiquinol	Pathway modules; Metabolism of cofactors and vitamins; Cofactor and vitamin metabolism	K00568,K03179,K03183,K03185	K03181,K03182,K03184,K03186,K18800
M00119	55.56	Pantothenate biosynthesis, valine/L-aspartate => pantothenate	Pathway modules; Metabolism of cofactors and vitamins; Cofactor and vitamin metabolism	K00606,K00826,K01918	K00077,K01579
M00525	55.56	Lysine biosynthesis, acetyl-DAP pathway, aspartate => lysine	Pathway modules; Amino acid metabolism; Lysine metabolism	K00133,K00928,K01586,K01714,K01778	K00215,K00841,K05822,K05823
M00911	54.55	Riboflavin biosynthesis, fungi, GTP => riboflavin/FMN/FAD	Pathway modules; Metabolism of cofactors and vitamins; Cofactor and vitamin metabolism	K00793,K00794,K02858	K00861,K00953,K01497,K14654,K14655
M00009	54.17	Citrate cycle (TCA cycle, Krebs cycle)	Pathway modules; Carbohydrate metabolism; Central carbohydrate metabolism	K00164,K00244,K00382,K00658,K01647,K01679,K01681	K00026,K00031,K00245,K00246,K01902,K01903
M00066	50.0	Lactosylceramide biosynthesis	Pathway modules; Lipid metabolism; Lipid metabolism	K00720	K07553
M00127	50.0	Thiamine biosynthesis, prokaryotes, AIR (+ DXP/tyrosine) => TMP/TPP	Pathway modules; Metabolism of cofactors and vitamins; Cofactor and vitamin metabolism	K00788,K00941,K00946,K03147,K03151	K03148,K03149,K03150,K03154
M00134	50.0	Polyamine biosynthesis, arginine => ornithine => putrescine	Pathway modules; Amino acid metabolism; Polyamine biosynthesis	K01581	K27545
M00141	50.0	C1-unit interconversion, eukaryotes	Pathway modules; Metabolism of cofactors and vitamins; Cofactor and vitamin metabolism	K00600	K00288
M00168	50.0	CAM (Crassulacean acid metabolism), dark	Pathway modules; Energy metabolism; Carbon fixation	K01595	K00025
M00169	50.0	CAM (Crassulacean acid metabolism), light	Pathway modules; Energy metabolism; Carbon fixation	K00029	K01006
M00172	50.0	C4-dicarboxylic acid cycle, NADP - malic enzyme type	Pathway modules; Energy metabolism; Carbon fixation	K00029,K01595	K00051,K01006
M00365	50.0	C10-C20 isoprenoid biosynthesis, archaea	Pathway modules; Biosynthesis of terpenoids and polyketides; Terpenoid backbone biosynthesis	K01823	K13787
M00366	50.0	C10-C20 isoprenoid biosynthesis, plants	Pathway modules; Biosynthesis of terpenoids and polyketides; Terpenoid backbone biosynthesis	K01823,K13789	K00787,K14066
M00580	50.0	Pentose phosphate pathway, archaea, fructose 6P => ribose 5P	Pathway modules; Carbohydrate metabolism; Central carbohydrate metabolism	K01807	K08093,K08094
M00609	50.0	Cysteine biosynthesis, methionine => cysteine	Pathway modules; Amino acid metabolism; Cysteine and methionine metabolism	K00789,K01243,K07173	K17216,K17217,K17462
M00615	50.0	Nitrate assimilation	Signature modules; Module set; Metabolic capacity	K02575	M00531
M00700	50.0	Multidrug resistance, efflux pump AbcA	Signature modules; Gene set; Drug resistance	K18104	K18906
M00718	50.0	Multidrug resistance, efflux pump MexAB-OprM	Signature modules; Gene set; Drug resistance	K03585,K18138,K18139	K18131
M00846	50.0	Siroheme biosynthesis, glutamyl-tRNA => siroheme	Pathway modules; Metabolism of cofactors and vitamins; Cofactor and vitamin metabolism	K01698,K01749,K02302	K01719,K01845,K02492
M00881	50.0	Lipoic acid biosynthesis, plants and bacteria, octanoyl-ACP => dihydrolipoyl-E2/H	Pathway modules; Metabolism of cofactors and vitamins; Cofactor and vitamin metabolism	K03801	K03644
M00892	50.0	UDP-N-acetyl-D-glucosamine biosynthesis, eukaryotes, glucose => UDP-GlcNAc	Pathway modules; Carbohydrate metabolism; Other carbohydrate metabolism	K00820,K00845,K01810	K00621,K00972,K01836
M00896	50.0	Thiamine biosynthesis, archaea, AIR (+ NAD+) => TMP/TPP	Pathway modules; Metabolism of cofactors and vitamins; Cofactor and vitamin metabolism	K00788,K00941,K00946,K03147	K22699
M00975	50.0	Betaine degradation, bacteria, betaine => pyruvate	Pathway modules; Amino acid metabolism; Serine and threonine metabolism	K00600,K01752	K00301,K00309,K00479,K21832
M00984	50.0	Sulfur oxidation, tetrathionate intermediate (S4I) pathway, thiosulfate => sulfur + sulfate + thiosulfate	Pathway modules; Energy metabolism; Sulfur metabolism	K19713	K27925
M00532	48.61	Photorespiration	Pathway modules; Carbohydrate metabolism; Other carbohydrate metabolism	K00382,K00600,K00605,K02437,K03781	K00281,K00830,K01601,K11517,K14272,K15893,K15918,K19269
M00036	47.22	Leucine degradation, leucine => acetoacetate + acetyl-CoA	Pathway modules; Amino acid metabolism; Branched-chain amino acid metabolism	K00253,K00382,K00826,K01968	K00166,K00167,K01640,K01969,K05607,K09699
M00011	46.67	Citrate cycle, second carbon oxidation, 2-oxoglutarate => oxaloacetate	Pathway modules; Carbohydrate metabolism; Central carbohydrate metabolism	K00164,K00244,K00382,K00658,K01679	K00026,K00245,K00246,K01902,K01903
M00885	44.44	Meromycolic acid biosynthesis, initiation and elongation FAS II (KasA)	Pathway modules; Lipid metabolism; Fatty acid metabolism	K00645,K02078	K11263,K11608,K11609,K11610,K11611,K18472,K27689
M00886	44.44	Meromycolic acid biosynthesis, initiation and elongation FAS II (KasA and KasB)	Pathway modules; Lipid metabolism; Fatty acid metabolism	K00645,K02078	K11263,K11608,K11609,K11610,K11611,K18472,K27070,K27071,K27072,K27073
M00926	44.44	Heme biosynthesis, bacteria, glutamyl-tRNA => coproporphyrin III => heme	Pathway modules; Metabolism of cofactors and vitamins; Cofactor and vitamin metabolism	K01599,K01698,K01749,K01772	K00231,K00435,K01719,K01845,K02492
M00129	42.86	Ascorbate biosynthesis, animals, glucose-1P => ascorbate	Pathway modules; Carbohydrate metabolism; Other carbohydrate metabolism	K00012,K00963,K01053	K00002,K00103,K00699,K01195
M00377	42.86	Reductive acetyl-CoA pathway (Wood-Ljungdahl pathway)	Pathway modules; Energy metabolism; Carbon fixation	K00297,K01491,K01938	K00194,K00197,K00198,K05299,K14138,K15023
M00874	41.67	Fatty acid biosynthesis in mitochondria, fungi	Pathway modules; Lipid metabolism; Fatty acid metabolism	K00059,K00645,K09458	K03955,K07512,K11262,K22541
M00012	40.0	Glyoxylate cycle	Pathway modules; Carbohydrate metabolism; Other carbohydrate metabolism	K01647,K01681	K00026,K01637,K01638
M00033	40.0	Ectoine biosynthesis, aspartate => ectoine	Pathway modules; Amino acid metabolism; Serine and threonine metabolism	K00133,K00928	K00836,K06718,K06720
M00044	40.0	Tyrosine degradation, tyrosine => homogentisate	Pathway modules; Amino acid metabolism; Aromatic amino acid metabolism	K00457,K00832	K00451,K01555,K01800
M00173	40.0	Reductive citrate cycle (Arnon-Buchanan cycle)	Pathway modules; Energy metabolism; Carbon fixation	K01679,K01681,K01958,K03737	K00024,K00031,K00174,K00175,K00239,K00240,K01902,K01903,K15230,K15231
M00550	40.0	Ascorbate degradation, ascorbate => D-xylulose-5P	Pathway modules; Carbohydrate metabolism; Other carbohydrate metabolism	K02821,K02822,K03077,K03475	K03078,K03079,K03476
M00552	40.0	D-galactonate degradation, De Ley-Doudoroff pathway, D-galactonate => glycerate-3P	Pathway modules; Carbohydrate metabolism; Other carbohydrate metabolism	K00134,K00927	K00883,K01631,K01684
M00652	40.0	Vancomycin resistance, D-Ala-D-Ser type	Signature modules; Gene set; Drug resistance	K18349,K18350	K18348,K18856,K18866
M00841	40.0	Tetrahydrofolate biosynthesis, mediated by PTPS, GTP => THF	Pathway modules; Metabolism of cofactors and vitamins; Cofactor and vitamin metabolism	K01495,K11754	K13941,K13998,K22101
M00897	37.5	Thiamine biosynthesis, plants, AIR (+ NAD+) => TMP/thiamine/TPP	Pathway modules; Metabolism of cofactors and vitamins; Cofactor and vitamin metabolism	K00949,K03147,K14153	K03146,K22911
M00912	37.5	NAD biosynthesis, tryptophan => quinolinate => NAD	Pathway modules; Metabolism of cofactors and vitamins; Cofactor and vitamin metabolism	K00767,K00969,K01916	K00452,K00453,K00486,K01432,K01556
M00027	33.33	GABA (gamma-Aminobutyrate) shunt	Pathway modules; Amino acid metabolism; Other amino acid metabolism	K00135	K01580,K13524
M00132	33.33	Inositol phosphate metabolism, Ins(1,3,4)P3 => phytate	Pathway modules; Carbohydrate metabolism; Other carbohydrate metabolism	K00913	K00915,K10572
M00346	33.33	Formaldehyde assimilation, serine pathway	Pathway modules; Energy metabolism; Methane metabolism	K00600,K01595,K01689	K00018,K00024,K00830,K08691,K08692,K11529,K14067
M00367	33.33	C10-C20 isoprenoid biosynthesis, non-plant eukaryotes	Pathway modules; Biosynthesis of terpenoids and polyketides; Terpenoid backbone biosynthesis	K01823	K00787,K00804
M00368	33.33	Ethylene biosynthesis, methionine => ethylene	Pathway modules; Amino acid metabolism; Cysteine and methionine metabolism	K00789	K01762,K05933
M00565	33.33	Trehalose biosynthesis, D-glucose 1P => trehalose	Pathway modules; Carbohydrate metabolism; Other carbohydrate metabolism	K00703,K00975	K00700,K01214,K01236,K06044
M00625	33.33	Methicillin resistance	Signature modules; Gene set; Drug resistance	K02545	K02546,K02547
M00627	33.33	beta-Lactam resistance, Bla system	Signature modules; Gene set; Drug resistance	K17836	K02171,K02172
M00725	33.33	Cationic antimicrobial peptide (CAMP) resistance, dltABCD operon	Signature modules; Gene set; Drug resistance	K03367,K03739,K03740,K14188	K19077,K19078
M00726	33.33	Cationic antimicrobial peptide (CAMP) resistance, lysyl-phosphatidylglycerol (L-PG) synthase MprF	Signature modules; Gene set; Drug resistance	K14205	K19077,K19078
M00744	33.33	Cationic antimicrobial peptide (CAMP) resistance, protease PgtE	Signature modules; Gene set; Drug resistance	K07660	K07637,K08477
M00840	33.33	Tetrahydrofolate biosynthesis, mediated by ribA and trpF, GTP => THF	Pathway modules; Metabolism of cofactors and vitamins; Cofactor and vitamin metabolism	K00287,K14652	K01633,K13941,K22099,K22100
M00842	33.33	Tetrahydrobiopterin biosynthesis, GTP => BH4	Pathway modules; Metabolism of cofactors and vitamins; Cofactor and vitamin metabolism	K01495	K00072,K01737
M00843	33.33	L-threo-Tetrahydrobiopterin biosynthesis, GTP => L-threo-BH4	Pathway modules; Metabolism of cofactors and vitamins; Cofactor and vitamin metabolism	K01495	K01737,K17745
M00883	33.33	Lipoic acid biosynthesis, animals and bacteria, octanoyl-ACP => dihydrolipoyl-H => dihydrolipoyl-E2	Pathway modules; Metabolism of cofactors and vitamins; Cofactor and vitamin metabolism	K16869	K03644,K23735
M00972	33.33	Proline metabolism	Pathway modules; Amino acid metabolism; Arginine and proline metabolism	K00286	K00318,K00819
M00957	32.0	Lysine degradation, bacteria, L-lysine => glutarate => succinate/acetyl-CoA	Pathway modules; Amino acid metabolism; Lysine metabolism	K00135,K00626,K01782	K00252,K00468,K01041,K01506,K14268
M00939	30.0	Pyrimidine degradation, uracil => 3-hydroxypropanoate	Pathway modules; Nucleotide metabolism; Pyrimidine metabolism	K09019,K09024	K09018,K09020,K09021,K09023
M00014	28.57	Glucuronate pathway (uronate pathway)	Pathway modules; Carbohydrate metabolism; Other carbohydrate metabolism	K00012,K00854	K00002,K03331,K05351,K12447,K13247,K16190
M00914	28.57	Coenzyme A biosynthesis, archaea, 2-oxoisovalerate => 4-phosphopantoate => CoA	Pathway modules; Metabolism of cofactors and vitamins; Cofactor and vitamin metabolism	K00606,K13038	K00077,K02201,K06982,K09722,K09735
M00079	25.0	Keratan sulfate degradation	Pathway modules; Glycan metabolism; Glycosaminoglycan metabolism	K12373	K01132,K01137,K12309
M00089	25.0	Triacylglycerol biosynthesis	Pathway modules; Lipid metabolism; Lipid metabolism	K00655	K00629,K01080,K11155
M00094	25.0	Ceramide biosynthesis	Pathway modules; Lipid metabolism; Lipid metabolism	K00654	K04708,K04709,K04712
M00131	25.0	Inositol phosphate metabolism, Ins(1,3,4,5)P4 => Ins(1,3,4)P3 => myo-inositol	Pathway modules; Carbohydrate metabolism; Other carbohydrate metabolism	K01092	K01106,K01107,K01109
M00136	25.0	GABA biosynthesis, prokaryotes, putrescine => GABA	Pathway modules; Amino acid metabolism; Polyamine biosynthesis	K09471	K09470,K09472,K09473
M00150	25.0	Fumarate reductase, prokaryotes	Pathway modules; Energy metabolism; ATP synthesis	K00244	K00245,K00246,K00247
M00170	25.0	C4-dicarboxylic acid cycle, phosphoenolpyruvate carboxykinase type	Pathway modules; Energy metabolism; Carbon fixation	K01595	K01610,K14454,K14455
M00344	25.0	Formaldehyde assimilation, xylulose monophosphate pathway	Pathway modules; Energy metabolism; Methane metabolism	K01624	K00863,K03841,K17100
M00651	25.0	Vancomycin resistance, D-Ala-D-Lac type	Signature modules; Gene set; Drug resistance	K18345	K07260,K18344,K18346
M00873	25.0	Fatty acid biosynthesis in mitochondria, animals	Pathway modules; Lipid metabolism; Fatty acid metabolism	K00645,K09458	K03955,K07512,K11539,K13370,K18660,K22540
M00888	25.0	Galactofuranan biosynthesis, decaprenyl phosphate + UDP-GlcNAc (+ dTDP-Rha/UDP-Galf) => GL-5	Pathway modules; Glycan metabolism; Other polysaccharide metabolism	K02851	K16649,K16650,K16870
M00923	25.0	UDP-L-FucNAm biosynthesis	Pathway modules; Glycan metabolism; Lipopolysaccharide metabolism	K19068	K15894,K24258,K24259
M00925	24.24	Cobalamin biosynthesis, aerobic, uroporphyrinogen III => precorrin 2 => cobyrinate a,c-diamide	Pathway modules; Metabolism of cofactors and vitamins; Cofactor and vitamin metabolism	K02303,K05936,K09882,K09883	K00595,K02224,K02228,K02229,K02230,K03394,K05895,K05934,K06042
M00088	22.22	Ketone body biosynthesis, acetyl-CoA => acetoacetate/3-hydroxybutyrate/acetone	Pathway modules; Lipid metabolism; Lipid metabolism	K00626,K01641	K00019,K01574,K01640
M00099	20.0	Sphingosine biosynthesis	Pathway modules; Lipid metabolism; Lipid metabolism	K00654	K01441,K04708,K04709,K04712
M00152	20.0	Cytochrome bc1 complex	Pathway modules; Energy metabolism; ATP synthesis	K00411,K00412	K00413,K00414,K00415,K00416,K00417,K00418,K00419,K00420
M00357	20.0	Methanogenesis, acetate => methane	Pathway modules; Energy metabolism; Methane metabolism	K00625,K00925	K00193,K00194,K00197,K00399,K00401,K00402,K00577,K00578,K00579,K00580,K00581,K00584,K22480,K22481,K22482
M00569	20.0	Catechol meta-cleavage, catechol => acetyl-CoA / 4-methylcatechol => propanoyl-CoA	Pathway modules; Xenobiotics biodegradation; Aromatics degradation	K07104	K01617,K01821,K10217,K18364,K18365,K18366
M00575	20.0	Pertussis pathogenicity signature, T1SS	Signature modules; Gene set; Pathogenicity	K12340	K07389,K11003,K11004,K22944
M00953	20.0	Mugineic acid biosynthesis, methionine => 3-epihydroxymugineic acid	Pathway modules; Biosynthesis of other secondary metabolites; Biosynthesis of phytochemical compounds	K00789	K05953,K14271,K18054,K22374
M00373	19.44	Ethylmalonyl pathway	Pathway modules; Carbohydrate metabolism; Other carbohydrate metabolism	K00023,K00626,K01965	K01847,K01966,K05606,K08691,K14446,K14447,K14448,K14449,K14451,K17865
M00982	19.05	Methylcitrate cycle	Pathway modules; Carbohydrate metabolism; Other carbohydrate metabolism	K00244,K01679	K00024,K00245,K00246,K01659,K01682,K01720,K03417
M00924	18.18	Cobalamin biosynthesis, anaerobic, uroporphyrinogen III => sirohydrochlorin => cobyrinate a,c-diamide	Pathway modules; Metabolism of cofactors and vitamins; Cofactor and vitamin metabolism	K02302,K05936	K00595,K02188,K02189,K02190,K02224,K03394,K05895,K05934,K06042
M00122	16.67	Cobalamin biosynthesis, cobyrinate a,c-diamide => cobalamin	Pathway modules; Metabolism of cofactors and vitamins; Cofactor and vitamin metabolism	K02226	K00768,K00798,K02225,K02231,K02232,K02233
M00530	16.67	Dissimilatory nitrate reduction, nitrate => ammonia	Pathway modules; Energy metabolism; Nitrogen metabolism	K00371	K00362,K00363,K00370,K00374
M00643	16.67	Multidrug resistance, efflux pump MexXY-OprM	Signature modules; Gene set; Drug resistance	K18139	K18094,K18095,K18129
M00696	16.67	Multidrug resistance, efflux pump AcrEF-TolC	Signature modules; Gene set; Drug resistance	K12340	K18140,K18141,K18142
M00697	16.67	Multidrug resistance, efflux pump MdtEF-TolC	Signature modules; Gene set; Drug resistance	K12340	K07690,K18898,K18899
M00741	16.67	Propanoyl-CoA metabolism, propanoyl-CoA => succinyl-CoA	Pathway modules; Carbohydrate metabolism; Other carbohydrate metabolism	K01965	K01847,K01966,K05606
M00804	16.67	Complete nitrification, comammox, ammonia => nitrite => nitrate	Pathway modules; Energy metabolism; Nitrogen metabolism	K00371	K00370,K10535,K10944,K10945,K10946
M00850	16.67	Vibrio cholerae pathogenicity signature, cholera toxins	Signature modules; Gene set; Pathogenicity	K10953	K10928,K10929,K10948,K10952,K10954,K11018
M00374	15.38	Dicarboxylate-hydroxybutyrate cycle	Pathway modules; Energy metabolism; Carbon fixation	K00626,K01595	K00024,K00169,K00170,K00171,K00172,K00239,K00240,K01007,K01677,K01678,K01902,K01903,K14465,K14467,K14534,K15016,K15038
M00171	14.29	C4-dicarboxylic acid cycle, NAD - malic enzyme type	Pathway modules; Energy metabolism; Carbon fixation	K01595	K00025,K00028,K00814,K01006,K14454,K14455
M00956	14.29	Lysine degradation, bacteria, L-lysine => succinate	Pathway modules; Amino acid metabolism; Lysine metabolism	K00135	K00137,K01582,K07250,K09251,K15736,K15737
M00158	13.33	F-type ATPase, eukaryotes	Pathway modules; Energy metabolism; ATP synthesis	K02132,K02133	K02125,K02126,K02127,K02128,K02129,K02130,K02134,K02135,K02136,K02137,K02138,K02140,K02141
M00114	12.5	Ascorbate biosynthesis, plants, fructose-6P => ascorbate	Pathway modules; Carbohydrate metabolism; Other carbohydrate metabolism	K01809	K00225,K00966,K10046,K10047,K14190,K17497,K17744
M00032	11.11	Lysine degradation, lysine => saccharopine => acetoacetyl-CoA	Pathway modules; Amino acid metabolism; Lysine metabolism	K00382,K00658	K00252,K00825,K07514,K14085,K14157,K15791
M00116	11.11	Menaquinone biosynthesis, chorismate (+ polyprenyl-PP) => menaquinol	Pathway modules; Metabolism of cofactors and vitamins; Cofactor and vitamin metabolism	K03183	K01661,K01911,K02548,K02549,K02551,K02552,K08680,K19222
M00376	11.11	3-Hydroxypropionate bi-cycle	Pathway modules; Energy metabolism; Carbon fixation	K01679,K01961,K01962,K01963,K02160	K00239,K00240,K00241,K01847,K05606,K08691,K09709,K14449,K14468,K14469,K14470,K14471,K14472,K15052
M00898	11.11	Thiamine biosynthesis, pyridoxal-5P => TMP/thiamine/TPP	Pathway modules; Metabolism of cofactors and vitamins; Cofactor and vitamin metabolism	K00949	K00877,K03146,K14154,K18278
M00031	10.0	Lysine biosynthesis, mediated by LysW, 2-aminoadipate => lysine	Pathway modules; Amino acid metabolism; Lysine metabolism	K05830	K05826,K05827,K05828,K05829,K05831
M00039	10.0	Monolignol biosynthesis, phenylalanine/tyrosine => monolignol	Pathway modules; Biosynthesis of other secondary metabolites; Biosynthesis of phytochemical compounds	K00588	K00083,K00487,K01904,K09753,K09754,K09755,K10775,K13065,K13066
M00763	10.0	Ornithine biosynthesis, mediated by LysW, glutamate => ornithine	Pathway modules; Amino acid metabolism; Arginine and proline metabolism	K05830	K05826,K05828,K05829,K05831,K19412
M00740	9.09	Methylaspartate cycle	Pathway modules; Carbohydrate metabolism; Other carbohydrate metabolism	K01647	K00024,K00031,K00261,K01846,K04835,K14449,K19268,K19280,K19281,K19282,K27802
M00529	8.33	Denitrification, nitrate => nitrogen	Pathway modules; Energy metabolism; Nitrogen metabolism	K00371	K00368,K00370,K00374,K00376,K02305,K04561
M00375	7.14	Hydroxypropionate-hydroxybutylate cycle	Pathway modules; Energy metabolism; Carbon fixation	K00626	K01848,K01849,K01964,K05606,K14465,K14466,K14534,K15016,K15017,K15018,K15019,K15020,K15036,K15037,K15038,K15039
M00620	7.14	Incomplete reductive citrate cycle, acetyl-CoA => oxoglutarate	Pathway modules; Energy metabolism; Carbon fixation	K01959	K00024,K00169,K00170,K00171,K00172,K00174,K00175,K00176,K00177,K01677,K01678,K01902,K01903,K01960,K18209,K18210
M00154	6.67	Cytochrome c oxidase	Pathway modules; Energy metabolism; ATP synthesis	K02257	K02256,K02258,K02259,K02260,K02261,K02262,K02263,K02264,K02265,K02266,K02267,K02268,K02270,K02272
M00564	4.35	Helicobacter pylori pathogenicity signature, cagA pathogenicity island	Signature modules; Gene set; Pathogenicity	K12088	K03196,K12086,K12089,K12090,K12091,K12093,K12094,K12095,K12096,K12097,K12098,K12101,K12102,K12103,K12104,K12105,K12106,K12107,K12108,K12109,K12110,K15842
M00848	3.12	Aurachin biosynthesis, anthranilate => aurachin A	Pathway modules; Biosynthesis of other secondary metabolites; Biosynthesis of other antibiotics	K02078	K09460,K14245,K14246,K21271,K21272,K22798,K22799,K22800,K22801,K22802
M00144	3.03	NADH	Pathway modules; Energy metabolism; ATP synthesis	K00333	K00330,K00331,K00332,K00334,K00335,K00336,K00337,K00338,K00339,K00340,K00341,K00342,K00343
M00878	2.86	Phenylacetate degradation, phenylaxetate => acetyl-CoA/succinyl-CoA	Pathway modules; Xenobiotics biodegradation; Aromatics degradation	K02612	K00074,K01692,K01912,K02609,K02610,K02611,K02613,K02615,K02618,K15866
